{
  "Acura ILX 2016-18": {
    "platform": "ACURA_ILX",
    "make": "Acura",
    "brand": "honda",
    "model": "ILX",
    "year": [
      "2016",
      "2017",
      "2018"
    ],
    "package": "Technology Plus Package or AcuraWatch Plus"
  },
  "Acura ILX 2019": {
    "platform": "ACURA_ILX",
    "make": "Acura",
    "brand": "honda",
    "model": "ILX",
    "year": [
      "2019"
    ],
    "package": "All"
  },
  "Acura MDX 2025-26": {
    "platform": "ACURA_MDX_4G_MMR",
    "make": "Acura",
    "brand": "honda",
    "model": "MDX",
    "year": [
      "2025",
      "2026"
    ],
    "package": "All except Type S"
  },
  "Acura RDX 2016-18": {
    "platform": "ACURA_RDX",
    "make": "Acura",
    "brand": "honda",
    "model": "RDX",
    "year": [
      "2016",
      "2017",
      "2018"
    ],
    "package": "AcuraWatch Plus or Advance Package"
  },
  "Acura RDX 2019-21": {
    "platform": "ACURA_RDX_3G",
    "make": "Acura",
    "brand": "honda",
    "model": "RDX",
    "year": [
      "2019",
      "2020",
      "2021"
    ],
    "package": "All"
  },
  "Acura TLX 2021": {
    "platform": "ACURA_TLX_2G",
    "make": "Acura",
    "brand": "honda",
    "model": "TLX",
    "year": [
      "2021"
    ],
    "package": "All"
  },
  "Acura TLX 2025": {
    "platform": "ACURA_TLX_2G_MMR",
    "make": "Acura",
    "brand": "honda",
    "model": "TLX",
    "year": [
      "2025"
    ],
    "package": "All"
  },
  "Audi A3 2014-19": {
    "platform": "AUDI_A3_MK3",
    "make": "Audi",
    "brand": "volkswagen",
    "model": "A3",
    "year": [
      "2014",
      "2015",
      "2016",
      "2017",
      "2018",
      "2019"
    ],
    "package": "Adaptive Cruise Control (ACC) & Lane Assist"
  },
  "Audi A3 Sportback e-tron 2017-18": {
    "platform": "AUDI_A3_MK3",
    "make": "Audi",
    "brand": "volkswagen",
    "model": "A3 Sportback e-tron",
    "year": [
      "2017",
      "2018"
    ],
    "package": "Adaptive Cruise Control (ACC) & Lane Assist"
  },
  "Audi Q2 2018": {
    "platform": "AUDI_Q2_MK1",
    "make": "Audi",
    "brand": "volkswagen",
    "model": "Q2",
    "year": [
      "2018"
    ],
    "package": "Adaptive Cruise Control (ACC) & Lane Assist"
  },
  "Audi Q3 2019-24": {
    "platform": "AUDI_Q3_MK2",
    "make": "Audi",
    "brand": "volkswagen",
    "model": "Q3",
    "year": [
      "2019",
      "2020",
      "2021",
      "2022",
      "2023",
      "2024"
    ],
    "package": "Adaptive Cruise Control (ACC) & Lane Assist"
  },
  "Audi RS3 2018": {
    "platform": "AUDI_A3_MK3",
    "make": "Audi",
    "brand": "volkswagen",
    "model": "RS3",
    "year": [
      "2018"
    ],
    "package": "Adaptive Cruise Control (ACC) & Lane Assist"
  },
  "Audi S3 2015-17": {
    "platform": "AUDI_A3_MK3",
    "make": "Audi",
    "brand": "volkswagen",
    "model": "S3",
    "year": [
      "2015",
      "2016",
      "2017"
    ],
    "package": "Adaptive Cruise Control (ACC) & Lane Assist"
  },
  "Buick LaCrosse 2017-19": {
    "platform": "BUICK_LACROSSE",
    "make": "Buick",
    "brand": "gm",
    "model": "LaCrosse",
    "year": [
      "2017",
      "2018",
      "2019"
    ],
    "package": "Driver Confidence Package 2"
  },
  "Cadillac Escalade 2017": {
    "platform": "CADILLAC_ESCALADE",
    "make": "Cadillac",
    "brand": "gm",
    "model": "Escalade",
    "year": [
      "2017"
    ],
    "package": "Driver Assist Package"
  },
  "Cadillac Escalade ESV 2016": {
    "platform": "CADILLAC_ESCALADE_ESV",
    "make": "Cadillac",
    "brand": "gm",
    "model": "Escalade ESV",
    "year": [
      "2016"
    ],
    "package": "Adaptive Cruise Control (ACC) & LKAS"
  },
  "Cadillac Escalade ESV 2019": {
    "platform": "CADILLAC_ESCALADE_ESV_2019",
    "make": "Cadillac",
    "brand": "gm",
    "model": "Escalade ESV",
    "year": [
      "2019"
    ],
    "package": "Adaptive Cruise Control (ACC) & LKAS"
  },
  "Cadillac XT4 2023": {
    "platform": "CADILLAC_XT4",
    "make": "Cadillac",
    "brand": "gm",
    "model": "XT4",
    "year": [
      "2023"
    ],
    "package": "Driver Assist Package"
  },
  "Chevrolet Bolt EUV 2022-23": {
    "platform": "CHEVROLET_BOLT_EUV",
    "make": "Chevrolet",
    "brand": "gm",
    "model": "Bolt EUV",
    "year": [
      "2022",
      "2023"
    ],
    "package": "Premier or Premier Redline Trim, without Super Cruise Package"
  },
  "Chevrolet Bolt EV 2022-23": {
    "platform": "CHEVROLET_BOLT_EUV",
    "make": "Chevrolet",
    "brand": "gm",
    "model": "Bolt EV",
    "year": [
      "2022",
      "2023"
    ],
    "package": "2LT Trim with Adaptive Cruise Control Package"
  },
  "Chevrolet Bolt EV Non-ACC 2017": {
    "platform": "CHEVROLET_BOLT_NON_ACC",
    "make": "Chevrolet",
    "brand": "gm",
    "model": "Bolt EV Non-ACC",
    "year": [
      "2017"
    ],
    "package": "No Adaptive Cruise Control (Non-ACC)"
  },
  "Chevrolet Bolt EV Non-ACC 2018-21": {
    "platform": "CHEVROLET_BOLT_NON_ACC_1ST_GEN",
    "make": "Chevrolet",
    "brand": "gm",
    "model": "Bolt EV Non-ACC",
    "year": [
      "2018",
      "2019",
      "2020",
      "2021"
    ],
    "package": "No Adaptive Cruise Control (Non-ACC)"
  },
  "Chevrolet Equinox 2019-22": {
    "platform": "CHEVROLET_EQUINOX",
    "make": "Chevrolet",
    "brand": "gm",
    "model": "Equinox",
    "year": [
      "2019",
      "2020",
      "2021",
      "2022"
    ],
    "package": "Adaptive Cruise Control (ACC)"
  },
  "Chevrolet Malibu Non-ACC 2016-23": {
    "platform": "CHEVROLET_MALIBU_NON_ACC_9TH_GEN",
    "make": "Chevrolet",
    "brand": "gm",
    "model": "Malibu Non-ACC",
    "year": [
      "2016",
      "2017",
      "2018",
      "2019",
      "2020",
      "2021",
      "2022",
      "2023"
    ],
    "package": "No Adaptive Cruise Control (Non-ACC)"
  },
  "Chevrolet Silverado 1500 2020-21": {
    "platform": "CHEVROLET_SILVERADO",
    "make": "Chevrolet",
    "brand": "gm",
    "model": "Silverado 1500",
    "year": [
      "2020",
      "2021"
    ],
    "package": "Safety Package II"
  },
  "Chevrolet Trailblazer 2021-22": {
    "platform": "CHEVROLET_TRAILBLAZER",
    "make": "Chevrolet",
    "brand": "gm",
    "model": "Trailblazer",
    "year": [
      "2021",
      "2022"
    ],
    "package": "Adaptive Cruise Control (ACC)"
  },
  "Chevrolet Traverse 2022-23": {
    "platform": "CHEVROLET_TRAVERSE",
    "make": "Chevrolet",
    "brand": "gm",
    "model": "Traverse",
    "year": [
      "2022",
      "2023"
    ],
    "package": "RS, Premier, or High Country Trim"
  },
  "Chevrolet Volt 2017-18": {
    "platform": "CHEVROLET_VOLT",
    "make": "Chevrolet",
    "brand": "gm",
    "model": "Volt",
    "year": [
      "2017",
      "2018"
    ],
    "package": "Adaptive Cruise Control (ACC)"
  },
  "Chevrolet Volt 2019": {
    "platform": "CHEVROLET_VOLT_2019",
    "make": "Chevrolet",
    "brand": "gm",
    "model": "Volt",
    "year": [
      "2019"
    ],
    "package": "Adaptive Cruise Control (ACC) & LKAS"
  },
  "Chrysler Pacifica 2017-18": {
    "platform": "CHRYSLER_PACIFICA_2018",
    "make": "Chrysler",
    "brand": "chrysler",
    "model": "Pacifica",
    "year": [
      "2017",
      "2018"
    ],
    "package": "Adaptive Cruise Control (ACC)"
  },
  "Chrysler Pacifica 2019-20": {
    "platform": "CHRYSLER_PACIFICA_2020",
    "make": "Chrysler",
    "brand": "chrysler",
    "model": "Pacifica",
    "year": [
      "2019",
      "2020"
    ],
    "package": "Adaptive Cruise Control (ACC)"
  },
  "Chrysler Pacifica 2021-23": {
    "platform": "CHRYSLER_PACIFICA_2020",
    "make": "Chrysler",
    "brand": "chrysler",
    "model": "Pacifica",
    "year": [
      "2021",
      "2022",
      "2023"
    ],
    "package": "All"
  },
  "Chrysler Pacifica Hybrid 2017-18": {
    "platform": "CHRYSLER_PACIFICA_2018_HYBRID",
    "make": "Chrysler",
    "brand": "chrysler",
    "model": "Pacifica Hybrid",
    "year": [
      "2017",
      "2018"
    ],
    "package": "Adaptive Cruise Control (ACC)"
  },
  "Chrysler Pacifica Hybrid 2019-25": {
    "platform": "CHRYSLER_PACIFICA_2019_HYBRID",
    "make": "Chrysler",
    "brand": "chrysler",
    "model": "Pacifica Hybrid",
    "year": [
      "2019",
      "2020",
      "2021",
      "2022",
      "2023",
      "2024",
      "2025"
    ],
    "package": "Adaptive Cruise Control (ACC)"
  },
  "comma body": {
    "platform": "COMMA_BODY",
    "make": "comma",
    "brand": "body",
    "model": "body",
    "year": [],
    "package": "All"
  },
  "CUPRA Ateca 2018-23": {
    "platform": "SEAT_ATECA_MK1",
    "make": "CUPRA",
    "brand": "volkswagen",
    "model": "Ateca",
    "year": [
      "2018",
      "2019",
      "2020",
      "2021",
      "2022",
      "2023"
    ],
    "package": "Adaptive Cruise Control (ACC) & Lane Assist"
  },
  "Dodge Durango 2020-21": {
    "platform": "DODGE_DURANGO",
    "make": "Dodge",
    "brand": "chrysler",
    "model": "Durango",
    "year": [
      "2020",
      "2021"
    ],
    "package": "Adaptive Cruise Control (ACC)"
  },
  "Ford Bronco Sport 2021-24": {
    "platform": "FORD_BRONCO_SPORT_MK1",
    "make": "Ford",
    "brand": "ford",
    "model": "Bronco Sport",
    "year": [
      "2021",
      "2022",
      "2023",
      "2024"
    ],
    "package": "Co-Pilot360 Assist+"
  },
  "Ford Escape 2020-22": {
    "platform": "FORD_ESCAPE_MK4",
    "make": "Ford",
    "brand": "ford",
    "model": "Escape",
    "year": [
      "2020",
      "2021",
      "2022"
    ],
    "package": "Co-Pilot360 Assist+"
  },
  "Ford Escape 2023-24": {
    "platform": "FORD_ESCAPE_MK4_5",
    "make": "Ford",
    "brand": "ford",
    "model": "Escape",
    "year": [
      "2023",
      "2024"
    ],
    "package": "Co-Pilot360 Assist+"
  },
  "Ford Escape Hybrid 2020-22": {
    "platform": "FORD_ESCAPE_MK4",
    "make": "Ford",
    "brand": "ford",
    "model": "Escape Hybrid",
    "year": [
      "2020",
      "2021",
      "2022"
    ],
    "package": "Co-Pilot360 Assist+"
  },
  "Ford Escape Hybrid 2023-24": {
    "platform": "FORD_ESCAPE_MK4_5",
    "make": "Ford",
    "brand": "ford",
    "model": "Escape Hybrid",
    "year": [
      "2023",
      "2024"
    ],
    "package": "Co-Pilot360 Assist+"
  },
  "Ford Escape Plug-in Hybrid 2020-22": {
    "platform": "FORD_ESCAPE_MK4",
    "make": "Ford",
    "brand": "ford",
    "model": "Escape Plug-in Hybrid",
    "year": [
      "2020",
      "2021",
      "2022"
    ],
    "package": "Co-Pilot360 Assist+"
  },
  "Ford Escape Plug-in Hybrid 2023-24": {
    "platform": "FORD_ESCAPE_MK4_5",
    "make": "Ford",
    "brand": "ford",
    "model": "Escape Plug-in Hybrid",
    "year": [
      "2023",
      "2024"
    ],
    "package": "Co-Pilot360 Assist+"
  },
  "Ford Expedition 2022-24": {
    "platform": "FORD_EXPEDITION_MK4",
    "make": "Ford",
    "brand": "ford",
    "model": "Expedition",
    "year": [
      "2022",
      "2023",
      "2024"
    ],
    "package": "Co-Pilot360 Assist 2.0"
  },
  "Ford Explorer 2020-24": {
    "platform": "FORD_EXPLORER_MK6",
    "make": "Ford",
    "brand": "ford",
    "model": "Explorer",
    "year": [
      "2020",
      "2021",
      "2022",
      "2023",
      "2024"
    ],
    "package": "Co-Pilot360 Assist+"
  },
  "Ford Explorer Hybrid 2020-24": {
    "platform": "FORD_EXPLORER_MK6",
    "make": "Ford",
    "brand": "ford",
    "model": "Explorer Hybrid",
    "year": [
      "2020",
      "2021",
      "2022",
      "2023",
      "2024"
    ],
    "package": "Co-Pilot360 Assist+"
  },
  "Ford F-150 2021-23": {
    "platform": "FORD_F_150_MK14",
    "make": "Ford",
    "brand": "ford",
    "model": "F-150",
    "year": [
      "2021",
      "2022",
      "2023"
    ],
    "package": "Co-Pilot360 Assist 2.0"
  },
  "Ford F-150 Hybrid 2021-23": {
    "platform": "FORD_F_150_MK14",
    "make": "Ford",
    "brand": "ford",
    "model": "F-150 Hybrid",
    "year": [
      "2021",
      "2022",
      "2023"
    ],
    "package": "Co-Pilot360 Assist 2.0"
  },
  "Ford F-150 Lightning 2022-23": {
    "platform": "FORD_F_150_LIGHTNING_MK1",
    "make": "Ford",
    "brand": "ford",
    "model": "F-150 Lightning",
    "year": [
      "2022",
      "2023"
    ],
    "package": "Co-Pilot360 Assist 2.0"
  },
  "Ford Focus 2018": {
    "platform": "FORD_FOCUS_MK4",
    "make": "Ford",
    "brand": "ford",
    "model": "Focus",
    "year": [
      "2018"
    ],
    "package": "Adaptive Cruise Control with Lane Centering"
  },
  "Ford Focus Hybrid 2018": {
    "platform": "FORD_FOCUS_MK4",
    "make": "Ford",
    "brand": "ford",
    "model": "Focus Hybrid",
    "year": [
      "2018"
    ],
    "package": "Adaptive Cruise Control with Lane Centering"
  },
  "Ford Kuga 2020-23": {
    "platform": "FORD_ESCAPE_MK4",
    "make": "Ford",
    "brand": "ford",
    "model": "Kuga",
    "year": [
      "2020",
      "2021",
      "2022",
      "2023"
    ],
    "package": "Adaptive Cruise Control with Lane Centering"
  },
  "Ford Kuga Hybrid 2020-23": {
    "platform": "FORD_ESCAPE_MK4",
    "make": "Ford",
    "brand": "ford",
    "model": "Kuga Hybrid",
    "year": [
      "2020",
      "2021",
      "2022",
      "2023"
    ],
    "package": "Adaptive Cruise Control with Lane Centering"
  },
  "Ford Kuga Hybrid 2024": {
    "platform": "FORD_ESCAPE_MK4_5",
    "make": "Ford",
    "brand": "ford",
    "model": "Kuga Hybrid",
    "year": [
      "2024"
    ],
    "package": "All"
  },
  "Ford Kuga Plug-in Hybrid 2020-23": {
    "platform": "FORD_ESCAPE_MK4",
    "make": "Ford",
    "brand": "ford",
    "model": "Kuga Plug-in Hybrid",
    "year": [
      "2020",
      "2021",
      "2022",
      "2023"
    ],
    "package": "Adaptive Cruise Control with Lane Centering"
  },
  "Ford Kuga Plug-in Hybrid 2024": {
    "platform": "FORD_ESCAPE_MK4_5",
    "make": "Ford",
    "brand": "ford",
    "model": "Kuga Plug-in Hybrid",
    "year": [
      "2024"
    ],
    "package": "All"
  },
  "Ford Maverick 2022": {
    "platform": "FORD_MAVERICK_MK1",
    "make": "Ford",
    "brand": "ford",
    "model": "Maverick",
    "year": [
      "2022"
    ],
    "package": "LARIAT Luxury"
  },
  "Ford Maverick 2023-24": {
    "platform": "FORD_MAVERICK_MK1",
    "make": "Ford",
    "brand": "ford",
    "model": "Maverick",
    "year": [
      "2023",
      "2024"
    ],
    "package": "Co-Pilot360 Assist"
  },
  "Ford Maverick Hybrid 2022": {
    "platform": "FORD_MAVERICK_MK1",
    "make": "Ford",
    "brand": "ford",
    "model": "Maverick Hybrid",
    "year": [
      "2022"
    ],
    "package": "LARIAT Luxury"
  },
  "Ford Maverick Hybrid 2023-24": {
    "platform": "FORD_MAVERICK_MK1",
    "make": "Ford",
    "brand": "ford",
    "model": "Maverick Hybrid",
    "year": [
      "2023",
      "2024"
    ],
    "package": "Co-Pilot360 Assist"
  },
  "Ford Mustang Mach-E 2021-24": {
    "platform": "FORD_MUSTANG_MACH_E_MK1",
    "make": "Ford",
    "brand": "ford",
    "model": "Mustang Mach-E",
    "year": [
      "2021",
      "2022",
      "2023",
      "2024"
    ],
    "package": "All"
  },
  "Ford Ranger 2024": {
    "platform": "FORD_RANGER_MK2",
    "make": "Ford",
    "brand": "ford",
    "model": "Ranger",
    "year": [
      "2024"
    ],
    "package": "Adaptive Cruise Control with Lane Centering"
  },
  "Genesis G70 2018": {
    "platform": "GENESIS_G70",
    "make": "Genesis",
    "brand": "hyundai",
    "model": "G70",
    "year": [
      "2018"
    ],
    "package": "All"
  },
  "Genesis G70 2019-21": {
    "platform": "GENESIS_G70_2020",
    "make": "Genesis",
    "brand": "hyundai",
    "model": "G70",
    "year": [
      "2019",
      "2020",
      "2021"
    ],
    "package": "All"
  },
  "Genesis G70 2022-23": {
    "platform": "GENESIS_G70_2020",
    "make": "Genesis",
    "brand": "hyundai",
    "model": "G70",
    "year": [
      "2022",
      "2023"
    ],
    "package": "All"
  },
  "Genesis G80 2017": {
    "platform": "HYUNDAI_GENESIS",
    "make": "Genesis",
    "brand": "hyundai",
    "model": "G80",
    "year": [
      "2017"
    ],
    "package": "All"
  },
  "Genesis G80 2018-19": {
    "platform": "GENESIS_G80",
    "make": "Genesis",
    "brand": "hyundai",
    "model": "G80",
    "year": [
      "2018",
      "2019"
    ],
    "package": "All"
  },
  "Genesis G80 (2.5T Advanced Trim, with HDA II) 2024": {
    "platform": "GENESIS_G80_2ND_GEN_FL",
    "make": "Genesis",
    "brand": "hyundai",
    "model": "G80 (2.5T Advanced Trim, with HDA II)",
    "year": [
      "2024"
    ],
    "package": "Highway Driving Assist II"
  },
  "Genesis G90 2017-20": {
    "platform": "GENESIS_G90",
    "make": "Genesis",
    "brand": "hyundai",
    "model": "G90",
    "year": [
      "2017",
      "2018",
      "2019",
      "2020"
    ],
    "package": "All"
  },
  "Genesis GV60 (Advanced Trim) 2023": {
    "platform": "GENESIS_GV60_EV_1ST_GEN",
    "make": "Genesis",
    "brand": "hyundai",
    "model": "GV60 (Advanced Trim)",
    "year": [
      "2023"
    ],
    "package": "All"
  },
  "Genesis GV60 (Performance Trim) 2022-23": {
    "platform": "GENESIS_GV60_EV_1ST_GEN",
    "make": "Genesis",
    "brand": "hyundai",
    "model": "GV60 (Performance Trim)",
    "year": [
      "2022",
      "2023"
    ],
    "package": "All"
  },
  "Genesis GV70 (2.5T Trim, without HDA II) 2022-24": {
    "platform": "GENESIS_GV70_1ST_GEN",
    "make": "Genesis",
    "brand": "hyundai",
    "model": "GV70 (2.5T Trim, without HDA II)",
    "year": [
      "2022",
      "2023",
      "2024"
    ],
    "package": "All"
  },
  "Genesis GV70 (3.5T Trim, without HDA II) 2022-23": {
    "platform": "GENESIS_GV70_1ST_GEN",
    "make": "Genesis",
    "brand": "hyundai",
    "model": "GV70 (3.5T Trim, without HDA II)",
    "year": [
      "2022",
      "2023"
    ],
    "package": "All"
  },
  "Genesis GV70 Electrified (Australia Only) 2022": {
    "platform": "GENESIS_GV70_ELECTRIFIED_1ST_GEN",
    "make": "Genesis",
    "brand": "hyundai",
    "model": "GV70 Electrified (Australia Only)",
    "year": [
      "2022"
    ],
    "package": "All"
  },
  "Genesis GV70 Electrified (with HDA II) 2023-24": {
    "platform": "GENESIS_GV70_ELECTRIFIED_1ST_GEN",
    "make": "Genesis",
    "brand": "hyundai",
    "model": "GV70 Electrified (with HDA II)",
    "year": [
      "2023",
      "2024"
    ],
    "package": "Highway Driving Assist II"
  },
  "Genesis GV80 2023": {
    "platform": "GENESIS_GV80",
    "make": "Genesis",
    "brand": "hyundai",
    "model": "GV80",
    "year": [
      "2023"
    ],
    "package": "All"
  },
  "GMC Acadia 2018": {
    "platform": "GMC_ACADIA",
    "make": "GMC",
    "brand": "gm",
    "model": "Acadia",
    "year": [
      "2018"
    ],
    "package": "Adaptive Cruise Control (ACC)"
  },
  "GMC Sierra 1500 2020-21": {
    "platform": "CHEVROLET_SILVERADO",
    "make": "GMC",
    "brand": "gm",
    "model": "Sierra 1500",
    "year": [
      "2020",
      "2021"
    ],
    "package": "Driver Alert Package II"
  },
  "Honda Accord 2018-22": {
    "platform": "HONDA_ACCORD",
    "make": "Honda",
    "brand": "honda",
    "model": "Accord",
    "year": [
      "2018",
      "2019",
      "2020",
      "2021",
      "2022"
    ],
    "package": "All"
  },
  "Honda Accord 2023-25": {
    "platform": "HONDA_ACCORD_11G",
    "make": "Honda",
    "brand": "honda",
    "model": "Accord",
    "year": [
      "2023",
      "2024",
      "2025"
    ],
    "package": "All"
  },
  "Honda Accord Hybrid 2018-22": {
    "platform": "HONDA_ACCORD",
    "make": "Honda",
    "brand": "honda",
    "model": "Accord Hybrid",
    "year": [
      "2018",
      "2019",
      "2020",
      "2021",
      "2022"
    ],
    "package": "All"
  },
  "Honda Accord Hybrid 2023-25": {
    "platform": "HONDA_ACCORD_11G",
    "make": "Honda",
    "brand": "honda",
    "model": "Accord Hybrid",
    "year": [
      "2023",
      "2024",
      "2025"
    ],
    "package": "All"
  },
  "Honda City (Brazil only) 2023": {
    "platform": "HONDA_CITY_7G",
    "make": "Honda",
    "brand": "honda",
    "model": "City (Brazil only)",
    "year": [
      "2023"
    ],
    "package": "All"
  },
  "Honda Civic 2016-18": {
    "platform": "HONDA_CIVIC",
    "make": "Honda",
    "brand": "honda",
    "model": "Civic",
    "year": [
      "2016",
      "2017",
      "2018"
    ],
    "package": "Honda Sensing"
  },
  "Honda Civic 2019-21": {
    "platform": "HONDA_CIVIC_BOSCH",
    "make": "Honda",
    "brand": "honda",
    "model": "Civic",
    "year": [
      "2019",
      "2020",
      "2021"
    ],
    "package": "All"
  },
  "Honda Civic 2022-24": {
    "platform": "HONDA_CIVIC_2022",
    "make": "Honda",
    "brand": "honda",
    "model": "Civic",
    "year": [
      "2022",
      "2023",
      "2024"
    ],
    "package": "All"
  },
  "Honda Civic Hatchback 2017-18": {
    "platform": "HONDA_CIVIC_BOSCH",
    "make": "Honda",
    "brand": "honda",
    "model": "Civic Hatchback",
    "year": [
      "2017",
      "2018"
    ],
    "package": "Honda Sensing"
  },
  "Honda Civic Hatchback 2019-21": {
    "platform": "HONDA_CIVIC_BOSCH",
    "make": "Honda",
    "brand": "honda",
    "model": "Civic Hatchback",
    "year": [
      "2019",
      "2020",
      "2021"
    ],
    "package": "All"
  },
  "Honda Civic Hatchback 2022-24": {
    "platform": "HONDA_CIVIC_2022",
    "make": "Honda",
    "brand": "honda",
    "model": "Civic Hatchback",
    "year": [
      "2022",
      "2023",
      "2024"
    ],
    "package": "All"
  },
  "Honda Civic Hatchback Hybrid 2025-26": {
    "platform": "HONDA_CIVIC_2022",
    "make": "Honda",
    "brand": "honda",
    "model": "Civic Hatchback Hybrid",
    "year": [
      "2025",
      "2026"
    ],
    "package": "All"
  },
  "Honda Civic Hatchback Hybrid (Europe only) 2023": {
    "platform": "HONDA_CIVIC_2022",
    "make": "Honda",
    "brand": "honda",
    "model": "Civic Hatchback Hybrid (Europe only)",
    "year": [
      "2023"
    ],
    "package": "All"
  },
  "Honda Civic Hybrid 2025-26": {
    "platform": "HONDA_CIVIC_2022",
    "make": "Honda",
    "brand": "honda",
    "model": "Civic Hybrid",
    "year": [
      "2025",
      "2026"
    ],
    "package": "All"
  },
  "Honda Clarity 2018-21": {
    "platform": "HONDA_CLARITY",
    "make": "Honda",
    "brand": "honda",
    "model": "Clarity",
    "year": [
      "2018",
      "2019",
      "2020",
      "2021"
    ],
    "package": "Honda Sensing"
  },
  "Honda CR-V 2015-16": {
    "platform": "HONDA_CRV",
    "make": "Honda",
    "brand": "honda",
    "model": "CR-V",
    "year": [
      "2015",
      "2016"
    ],
    "package": "Touring Trim"
  },
  "Honda CR-V 2017-22": {
    "platform": "HONDA_CRV_5G",
    "make": "Honda",
    "brand": "honda",
    "model": "CR-V",
    "year": [
      "2017",
      "2018",
      "2019",
      "2020",
      "2021",
      "2022"
    ],
    "package": "Honda Sensing"
  },
  "Honda CR-V 2023-26": {
    "platform": "HONDA_CRV_6G",
    "make": "Honda",
    "brand": "honda",
    "model": "CR-V",
    "year": [
      "2023",
      "2024",
      "2025",
      "2026"
    ],
    "package": "All"
  },
  "Honda CR-V Hybrid 2017-22": {
    "platform": "HONDA_CRV_HYBRID",
    "make": "Honda",
    "brand": "honda",
    "model": "CR-V Hybrid",
    "year": [
      "2017",
      "2018",
      "2019",
      "2020",
      "2021",
      "2022"
    ],
    "package": "Honda Sensing"
  },
  "Honda CR-V Hybrid 2023-26": {
    "platform": "HONDA_CRV_6G",
    "make": "Honda",
    "brand": "honda",
    "model": "CR-V Hybrid",
    "year": [
      "2023",
      "2024",
      "2025",
      "2026"
    ],
    "package": "All"
  },
  "Honda e 2020": {
    "platform": "HONDA_E",
    "make": "Honda",
    "brand": "honda",
    "model": "e",
    "year": [
      "2020"
    ],
    "package": "All"
  },
  "Honda Fit 2018-20": {
    "platform": "HONDA_FIT",
    "make": "Honda",
    "brand": "honda",
    "model": "Fit",
    "year": [
      "2018",
      "2019",
      "2020"
    ],
    "package": "Honda Sensing"
  },
  "Honda Freed 2020": {
    "platform": "HONDA_FREED",
    "make": "Honda",
    "brand": "honda",
    "model": "Freed",
    "year": [
      "2020"
    ],
    "package": "Honda Sensing"
  },
  "Honda HR-V 2019-22": {
    "platform": "HONDA_HRV",
    "make": "Honda",
    "brand": "honda",
    "model": "HR-V",
    "year": [
      "2019",
      "2020",
      "2021",
      "2022"
    ],
    "package": "Honda Sensing"
  },
  "Honda HR-V 2023-25": {
    "platform": "HONDA_HRV_3G",
    "make": "Honda",
    "brand": "honda",
    "model": "HR-V",
    "year": [
      "2023",
      "2024",
      "2025"
    ],
    "package": "All"
  },
  "Honda Insight 2019-22": {
    "platform": "HONDA_INSIGHT",
    "make": "Honda",
    "brand": "honda",
    "model": "Insight",
    "year": [
      "2019",
      "2020",
      "2021",
      "2022"
    ],
    "package": "All"
  },
  "Honda Inspire 2018": {
    "platform": "HONDA_ACCORD",
    "make": "Honda",
    "brand": "honda",
    "model": "Inspire",
    "year": [
      "2018"
    ],
    "package": "All"
  },
  "Honda N-Box 2018": {
    "platform": "HONDA_NBOX_2G",
    "make": "Honda",
    "brand": "honda",
    "model": "N-Box",
    "year": [
      "2018"
    ],
    "package": "All"
  },
  "Honda Odyssey 2018-20": {
    "platform": "HONDA_ODYSSEY",
    "make": "Honda",
    "brand": "honda",
    "model": "Odyssey",
    "year": [
      "2018",
      "2019",
      "2020"
    ],
    "package": "Honda Sensing"
  },
  "Honda Odyssey 2021-26": {
    "platform": "HONDA_ODYSSEY_5G_MMR",
    "make": "Honda",
    "brand": "honda",
    "model": "Odyssey",
    "year": [
      "2021",
      "2022",
      "2023",
      "2024",
      "2025",
      "2026"
    ],
    "package": "All"
  },
  "Honda Odyssey (Taiwan) 2018-19": {
    "platform": "HONDA_ODYSSEY_TWN",
    "make": "Honda",
    "brand": "honda",
    "model": "Odyssey (Taiwan)",
    "year": [
      "2018",
      "2019"
    ],
    "package": "Honda Sensing"
  },
  "Honda Passport 2019-25": {
    "platform": "HONDA_PILOT",
    "make": "Honda",
    "brand": "honda",
    "model": "Passport",
    "year": [
      "2019",
      "2020",
      "2021",
      "2022",
      "2023",
      "2024",
      "2025"
    ],
    "package": "All"
  },
  "Honda Passport 2026": {
    "platform": "HONDA_PASSPORT_4G",
    "make": "Honda",
    "brand": "honda",
    "model": "Passport",
    "year": [
      "2026"
    ],
    "package": "All"
  },
  "Honda Pilot 2016-22": {
    "platform": "HONDA_PILOT",
    "make": "Honda",
    "brand": "honda",
    "model": "Pilot",
    "year": [
      "2016",
      "2017",
      "2018",
      "2019",
      "2020",
      "2021",
      "2022"
    ],
    "package": "Honda Sensing"
  },
  "Honda Pilot 2023-25": {
    "platform": "HONDA_PILOT_4G",
    "make": "Honda",
    "brand": "honda",
    "model": "Pilot",
    "year": [
      "2023",
      "2024",
      "2025"
    ],
    "package": "All"
  },
  "Honda Ridgeline 2017-25": {
    "platform": "HONDA_RIDGELINE",
    "make": "Honda",
    "brand": "honda",
    "model": "Ridgeline",
    "year": [
      "2017",
      "2018",
      "2019",
      "2020",
      "2021",
      "2022",
      "2023",
      "2024",
      "2025"
    ],
    "package": "Honda Sensing"
  },
  "Hyundai Azera 2022": {
    "platform": "HYUNDAI_AZERA_6TH_GEN",
    "make": "Hyundai",
    "brand": "hyundai",
    "model": "Azera",
    "year": [
      "2022"
    ],
    "package": "All"
  },
  "Hyundai Azera Hybrid 2019": {
    "platform": "HYUNDAI_AZERA_HEV_6TH_GEN",
    "make": "Hyundai",
    "brand": "hyundai",
    "model": "Azera Hybrid",
    "year": [
      "2019"
    ],
    "package": "All"
  },
  "Hyundai Azera Hybrid 2020": {
    "platform": "HYUNDAI_AZERA_HEV_6TH_GEN",
    "make": "Hyundai",
    "brand": "hyundai",
    "model": "Azera Hybrid",
    "year": [
      "2020"
    ],
    "package": "All"
  },
  "Hyundai Custin 2023": {
    "platform": "HYUNDAI_CUSTIN_1ST_GEN",
    "make": "Hyundai",
    "brand": "hyundai",
    "model": "Custin",
    "year": [
      "2023"
    ],
    "package": "All"
  },
  "Hyundai Elantra 2017-18": {
    "platform": "HYUNDAI_ELANTRA",
    "make": "Hyundai",
    "brand": "hyundai",
    "model": "Elantra",
    "year": [
      "2017",
      "2018"
    ],
    "package": "Smart Cruise Control (SCC)"
  },
  "Hyundai Elantra 2019": {
    "platform": "HYUNDAI_ELANTRA",
    "make": "Hyundai",
    "brand": "hyundai",
    "model": "Elantra",
    "year": [
      "2019"
    ],
    "package": "Smart Cruise Control (SCC)"
  },
  "Hyundai Elantra 2021-23": {
    "platform": "HYUNDAI_ELANTRA_2021",
    "make": "Hyundai",
    "brand": "hyundai",
    "model": "Elantra",
    "year": [
      "2021",
      "2022",
      "2023"
    ],
    "package": "Smart Cruise Control (SCC)"
  },
  "Hyundai Elantra GT 2017-20": {
    "platform": "HYUNDAI_ELANTRA_GT_I30",
    "make": "Hyundai",
    "brand": "hyundai",
    "model": "Elantra GT",
    "year": [
      "2017",
      "2018",
      "2019",
      "2020"
    ],
    "package": "Smart Cruise Control (SCC)"
  },
  "Hyundai Elantra Hybrid 2021-23": {
    "platform": "HYUNDAI_ELANTRA_HEV_2021",
    "make": "Hyundai",
    "brand": "hyundai",
    "model": "Elantra Hybrid",
    "year": [
      "2021",
      "2022",
      "2023"
    ],
    "package": "Smart Cruise Control (SCC)"
  },
  "Hyundai Elantra Non-SCC 2022": {
    "platform": "HYUNDAI_ELANTRA_2022_NON_SCC",
    "make": "Hyundai",
    "brand": "hyundai",
    "model": "Elantra Non-SCC",
    "year": [
      "2022"
    ],
    "package": "No Smart Cruise Control (Non-SCC)"
  },
  "Hyundai Genesis 2015-16": {
    "platform": "HYUNDAI_GENESIS",
    "make": "Hyundai",
    "brand": "hyundai",
    "model": "Genesis",
    "year": [
      "2015",
      "2016"
    ],
    "package": "Smart Cruise Control (SCC)"
  },
  "Hyundai i30 2017-19": {
    "platform": "HYUNDAI_ELANTRA_GT_I30",
    "make": "Hyundai",
    "brand": "hyundai",
    "model": "i30",
    "year": [
      "2017",
      "2018",
      "2019"
    ],
    "package": "Smart Cruise Control (SCC)"
  },
  "Hyundai Ioniq 5 (Southeast Asia and Europe only) 2022-24": {
    "platform": "HYUNDAI_IONIQ_5",
    "make": "Hyundai",
    "brand": "hyundai",
    "model": "Ioniq 5 (Southeast Asia and Europe only)",
    "year": [
      "2022",
      "2023",
      "2024"
    ],
    "package": "All"
  },
  "Hyundai Ioniq 5 (with HDA II) 2022-24": {
    "platform": "HYUNDAI_IONIQ_5",
    "make": "Hyundai",
    "brand": "hyundai",
    "model": "Ioniq 5 (with HDA II)",
    "year": [
      "2022",
      "2023",
      "2024"
    ],
    "package": "Highway Driving Assist II"
  },
  "Hyundai Ioniq 5 (without HDA II) 2022-24": {
    "platform": "HYUNDAI_IONIQ_5",
    "make": "Hyundai",
    "brand": "hyundai",
    "model": "Ioniq 5 (without HDA II)",
    "year": [
      "2022",
      "2023",
      "2024"
    ],
    "package": "Highway Driving Assist"
  },
  "Hyundai Ioniq 6 (with HDA II) 2023-24": {
    "platform": "HYUNDAI_IONIQ_6",
    "make": "Hyundai",
    "brand": "hyundai",
    "model": "Ioniq 6 (with HDA II)",
    "year": [
      "2023",
      "2024"
    ],
    "package": "Highway Driving Assist II"
  },
  "Hyundai Ioniq Electric 2019": {
    "platform": "HYUNDAI_IONIQ_EV_LTD",
    "make": "Hyundai",
    "brand": "hyundai",
    "model": "Ioniq Electric",
    "year": [
      "2019"
    ],
    "package": "Smart Cruise Control (SCC)"
  },
  "Hyundai Ioniq Electric 2020": {
    "platform": "HYUNDAI_IONIQ_EV_2020",
    "make": "Hyundai",
    "brand": "hyundai",
    "model": "Ioniq Electric",
    "year": [
      "2020"
    ],
    "package": "All"
  },
  "Hyundai Ioniq Hybrid 2017-19": {
    "platform": "HYUNDAI_IONIQ",
    "make": "Hyundai",
    "brand": "hyundai",
    "model": "Ioniq Hybrid",
    "year": [
      "2017",
      "2018",
      "2019"
    ],
    "package": "Smart Cruise Control (SCC)"
  },
  "Hyundai Ioniq Hybrid 2020-22": {
    "platform": "HYUNDAI_IONIQ_HEV_2022",
    "make": "Hyundai",
    "brand": "hyundai",
    "model": "Ioniq Hybrid",
    "year": [
      "2020",
      "2021",
      "2022"
    ],
    "package": "Smart Cruise Control (SCC)"
  },
  "Hyundai Ioniq Plug-in Hybrid 2019": {
    "platform": "HYUNDAI_IONIQ_PHEV_2019",
    "make": "Hyundai",
    "brand": "hyundai",
    "model": "Ioniq Plug-in Hybrid",
    "year": [
      "2019"
    ],
    "package": "Smart Cruise Control (SCC)"
  },
  "Hyundai Ioniq Plug-in Hybrid 2020-22": {
    "platform": "HYUNDAI_IONIQ_PHEV",
    "make": "Hyundai",
    "brand": "hyundai",
    "model": "Ioniq Plug-in Hybrid",
    "year": [
      "2020",
      "2021",
      "2022"
    ],
    "package": "All"
  },
  "Hyundai Kona 2020": {
    "platform": "HYUNDAI_KONA",
    "make": "Hyundai",
    "brand": "hyundai",
    "model": "Kona",
    "year": [
      "2020"
    ],
    "package": "Smart Cruise Control (SCC)"
  },
  "Hyundai Kona 2022-23": {
    "platform": "HYUNDAI_KONA_2022",
    "make": "Hyundai",
    "brand": "hyundai",
    "model": "Kona",
    "year": [
      "2022",
      "2023"
    ],
    "package": "Smart Cruise Control (SCC)"
  },
  "Hyundai Kona Electric 2018-21": {
    "platform": "HYUNDAI_KONA_EV",
    "make": "Hyundai",
    "brand": "hyundai",
    "model": "Kona Electric",
    "year": [
      "2018",
      "2019",
      "2020",
      "2021"
    ],
    "package": "Smart Cruise Control (SCC)"
  },
  "Hyundai Kona Electric 2022-23": {
    "platform": "HYUNDAI_KONA_EV_2022",
    "make": "Hyundai",
    "brand": "hyundai",
    "model": "Kona Electric",
    "year": [
      "2022",
      "2023"
    ],
    "package": "Smart Cruise Control (SCC)"
  },
  "Hyundai Kona Electric (with HDA II, Korea only) 2023": {
    "platform": "HYUNDAI_KONA_EV_2ND_GEN",
    "make": "Hyundai",
    "brand": "hyundai",
    "model": "Kona Electric (with HDA II, Korea only)",
    "year": [
      "2023"
    ],
    "package": "Smart Cruise Control (SCC)"
  },
  "Hyundai Kona Electric Non-SCC 2019": {
    "platform": "HYUNDAI_KONA_EV_NON_SCC",
    "make": "Hyundai",
    "brand": "hyundai",
    "model": "Kona Electric Non-SCC",
    "year": [
      "2019"
    ],
    "package": "No Smart Cruise Control (Non-SCC)"
  },
  "Hyundai Kona Hybrid 2020": {
    "platform": "HYUNDAI_KONA_HEV",
    "make": "Hyundai",
    "brand": "hyundai",
    "model": "Kona Hybrid",
    "year": [
      "2020"
    ],
    "package": "Smart Cruise Control (SCC)"
  },
  "Hyundai Kona Non-SCC 2019": {
    "platform": "HYUNDAI_KONA_NON_SCC",
    "make": "Hyundai",
    "brand": "hyundai",
    "model": "Kona Non-SCC",
    "year": [
      "2019"
    ],
    "package": "No Smart Cruise Control (Non-SCC)"
  },
  "Hyundai Nexo 2021": {
    "platform": "HYUNDAI_NEXO_1ST_GEN",
    "make": "Hyundai",
    "brand": "hyundai",
    "model": "Nexo",
    "year": [
      "2021"
    ],
    "package": "All"
  },
  "Hyundai Palisade 2020-22": {
    "platform": "HYUNDAI_PALISADE",
    "make": "Hyundai",
    "brand": "hyundai",
    "model": "Palisade",
    "year": [
      "2020",
      "2021",
      "2022"
    ],
    "package": "All"
  },
  "Hyundai Santa Cruz 2022-24": {
    "platform": "HYUNDAI_SANTA_CRUZ_1ST_GEN",
    "make": "Hyundai",
    "brand": "hyundai",
    "model": "Santa Cruz",
    "year": [
      "2022",
      "2023",
      "2024"
    ],
    "package": "Smart Cruise Control (SCC)"
  },
  "Hyundai Santa Fe 2019-20": {
    "platform": "HYUNDAI_SANTA_FE",
    "make": "Hyundai",
    "brand": "hyundai",
    "model": "Santa Fe",
    "year": [
      "2019",
      "2020"
    ],
    "package": "All"
  },
  "Hyundai Santa Fe 2021-23": {
    "platform": "HYUNDAI_SANTA_FE_2022",
    "make": "Hyundai",
    "brand": "hyundai",
    "model": "Santa Fe",
    "year": [
      "2021",
      "2022",
      "2023"
    ],
    "package": "All"
  },
  "Hyundai Santa Fe Hybrid 2022-23": {
    "platform": "HYUNDAI_SANTA_FE_HEV_2022",
    "make": "Hyundai",
    "brand": "hyundai",
    "model": "Santa Fe Hybrid",
    "year": [
      "2022",
      "2023"
    ],
    "package": "All"
  },
  "Hyundai Santa Fe Plug-in Hybrid 2022-23": {
    "platform": "HYUNDAI_SANTA_FE_PHEV_2022",
    "make": "Hyundai",
    "brand": "hyundai",
    "model": "Santa Fe Plug-in Hybrid",
    "year": [
      "2022",
      "2023"
    ],
    "package": "All"
  },
  "Hyundai Sonata 2018-19": {
    "platform": "HYUNDAI_SONATA_LF",
    "make": "Hyundai",
    "brand": "hyundai",
    "model": "Sonata",
    "year": [
      "2018",
      "2019"
    ],
    "package": "Smart Cruise Control (SCC)"
  },
  "Hyundai Sonata 2020-23": {
    "platform": "HYUNDAI_SONATA",
    "make": "Hyundai",
    "brand": "hyundai",
    "model": "Sonata",
    "year": [
      "2020",
      "2021",
      "2022",
      "2023"
    ],
    "package": "All"
  },
  "Hyundai Sonata Hybrid 2020-23": {
    "platform": "HYUNDAI_SONATA_HYBRID",
    "make": "Hyundai",
    "brand": "hyundai",
    "model": "Sonata Hybrid",
    "year": [
      "2020",
      "2021",
      "2022",
      "2023"
    ],
    "package": "All"
  },
  "Hyundai Staria 2023": {
    "platform": "HYUNDAI_STARIA_4TH_GEN",
    "make": "Hyundai",
    "brand": "hyundai",
    "model": "Staria",
    "year": [
      "2023"
    ],
    "package": "All"
  },
  "Hyundai Tucson 2021": {
    "platform": "HYUNDAI_TUCSON",
    "make": "Hyundai",
    "brand": "hyundai",
    "model": "Tucson",
    "year": [
      "2021"
    ],
    "package": "Smart Cruise Control (SCC)"
  },
  "Hyundai Tucson 2022": {
    "platform": "HYUNDAI_TUCSON_4TH_GEN",
    "make": "Hyundai",
    "brand": "hyundai",
    "model": "Tucson",
    "year": [
      "2022"
    ],
    "package": "Smart Cruise Control (SCC)"
  },
  "Hyundai Tucson 2023-24": {
    "platform": "HYUNDAI_TUCSON_4TH_GEN",
    "make": "Hyundai",
    "brand": "hyundai",
    "model": "Tucson",
    "year": [
      "2023",
      "2024"
    ],
    "package": "All"
  },
  "Hyundai Tucson Diesel 2019": {
    "platform": "HYUNDAI_TUCSON",
    "make": "Hyundai",
    "brand": "hyundai",
    "model": "Tucson Diesel",
    "year": [
      "2019"
    ],
    "package": "Smart Cruise Control (SCC)"
  },
  "Hyundai Tucson Hybrid 2022-24": {
    "platform": "HYUNDAI_TUCSON_4TH_GEN",
    "make": "Hyundai",
    "brand": "hyundai",
    "model": "Tucson Hybrid",
    "year": [
      "2022",
      "2023",
      "2024"
    ],
    "package": "All"
  },
  "Hyundai Tucson Plug-in Hybrid 2024": {
    "platform": "HYUNDAI_TUCSON_4TH_GEN",
    "make": "Hyundai",
    "brand": "hyundai",
    "model": "Tucson Plug-in Hybrid",
    "year": [
      "2024"
    ],
    "package": "All"
  },
  "Hyundai Veloster 2019-20": {
    "platform": "HYUNDAI_VELOSTER",
    "make": "Hyundai",
    "brand": "hyundai",
    "model": "Veloster",
    "year": [
      "2019",
      "2020"
    ],
    "package": "Smart Cruise Control (SCC)"
  },
  "Jeep Grand Cherokee 2016-18": {
    "platform": "JEEP_GRAND_CHEROKEE",
    "make": "Jeep",
    "brand": "chrysler",
    "model": "Grand Cherokee",
    "year": [
      "2016",
      "2017",
      "2018"
    ],
    "package": "Adaptive Cruise Control (ACC)"
  },
  "Jeep Grand Cherokee 2019-21": {
    "platform": "JEEP_GRAND_CHEROKEE_2019",
    "make": "Jeep",
    "brand": "chrysler",
    "model": "Grand Cherokee",
    "year": [
      "2019",
      "2020",
      "2021"
    ],
    "package": "Adaptive Cruise Control (ACC)"
  },
  "Kia Carnival 2022-24": {
    "platform": "KIA_CARNIVAL_4TH_GEN",
    "make": "Kia",
    "brand": "hyundai",
    "model": "Carnival",
    "year": [
      "2022",
      "2023",
      "2024"
    ],
    "package": "Smart Cruise Control (SCC)"
  },
  "Kia Carnival (China only) 2023": {
    "platform": "KIA_CARNIVAL_4TH_GEN",
    "make": "Kia",
    "brand": "hyundai",
    "model": "Carnival (China only)",
    "year": [
      "2023"
    ],
    "package": "Smart Cruise Control (SCC)"
  },
  "Kia Ceed 2019-21": {
    "platform": "KIA_CEED",
    "make": "Kia",
    "brand": "hyundai",
    "model": "Ceed",
    "year": [
      "2019",
      "2020",
      "2021"
    ],
    "package": "Smart Cruise Control (SCC)"
  },
  "Kia Ceed Plug-in Hybrid Non-SCC 2022": {
    "platform": "KIA_CEED_PHEV_2022_NON_SCC",
    "make": "Kia",
    "brand": "hyundai",
    "model": "Ceed Plug-in Hybrid Non-SCC",
    "year": [
      "2022"
    ],
    "package": "No Smart Cruise Control (Non-SCC)"
  },
  "Kia EV6 (Southeast Asia only) 2022-24": {
    "platform": "KIA_EV6",
    "make": "Kia",
    "brand": "hyundai",
    "model": "EV6 (Southeast Asia only)",
    "year": [
      "2022",
      "2023",
      "2024"
    ],
    "package": "All"
  },
  "Kia EV6 (with HDA II) 2022-24": {
    "platform": "KIA_EV6",
    "make": "Kia",
    "brand": "hyundai",
    "model": "EV6 (with HDA II)",
    "year": [
      "2022",
      "2023",
      "2024"
    ],
    "package": "Highway Driving Assist II"
  },
  "Kia EV6 (without HDA II) 2022-24": {
    "platform": "KIA_EV6",
    "make": "Kia",
    "brand": "hyundai",
    "model": "EV6 (without HDA II)",
    "year": [
      "2022",
      "2023",
      "2024"
    ],
    "package": "Highway Driving Assist"
  },
  "Kia Forte 2019-21": {
    "platform": "KIA_FORTE",
    "make": "Kia",
    "brand": "hyundai",
    "model": "Forte",
    "year": [
      "2019",
      "2020",
      "2021"
    ],
    "package": "Smart Cruise Control (SCC)"
  },
  "Kia Forte 2022-23": {
    "platform": "KIA_FORTE",
    "make": "Kia",
    "brand": "hyundai",
    "model": "Forte",
    "year": [
      "2022",
      "2023"
    ],
    "package": "Smart Cruise Control (SCC)"
  },
  "Kia Forte Non-SCC 2019": {
    "platform": "KIA_FORTE_2019_NON_SCC",
    "make": "Kia",
    "brand": "hyundai",
    "model": "Forte Non-SCC",
    "year": [
      "2019"
    ],
    "package": "No Smart Cruise Control (Non-SCC)"
  },
  "Kia K5 2021-24": {
    "platform": "KIA_K5_2021",
    "make": "Kia",
    "brand": "hyundai",
    "model": "K5",
    "year": [
      "2021",
      "2022",
      "2023",
      "2024"
    ],
    "package": "Smart Cruise Control (SCC)"
  },
  "Kia K5 Hybrid 2020-22": {
    "platform": "KIA_K5_HEV_2020",
    "make": "Kia",
    "brand": "hyundai",
    "model": "K5 Hybrid",
    "year": [
      "2020",
      "2021",
      "2022"
    ],
    "package": "Smart Cruise Control (SCC)"
  },
  "Kia K8 Hybrid (with HDA II) 2023": {
    "platform": "KIA_K8_HEV_1ST_GEN",
    "make": "Kia",
    "brand": "hyundai",
    "model": "K8 Hybrid (with HDA II)",
    "year": [
      "2023"
    ],
    "package": "Highway Driving Assist II"
  },
  "Kia Niro EV 2019": {
    "platform": "KIA_NIRO_EV",
    "make": "Kia",
    "brand": "hyundai",
    "model": "Niro EV",
    "year": [
      "2019"
    ],
    "package": "All"
  },
  "Kia Niro EV 2020": {
    "platform": "KIA_NIRO_EV",
    "make": "Kia",
    "brand": "hyundai",
    "model": "Niro EV",
    "year": [
      "2020"
    ],
    "package": "All"
  },
  "Kia Niro EV 2021": {
    "platform": "KIA_NIRO_EV",
    "make": "Kia",
    "brand": "hyundai",
    "model": "Niro EV",
    "year": [
      "2021"
    ],
    "package": "All"
  },
  "Kia Niro EV 2022": {
    "platform": "KIA_NIRO_EV",
    "make": "Kia",
    "brand": "hyundai",
    "model": "Niro EV",
    "year": [
      "2022"
    ],
    "package": "All"
  },
  "Kia Niro EV (with HDA II) 2025": {
    "platform": "KIA_NIRO_EV_2ND_GEN",
    "make": "Kia",
    "brand": "hyundai",
    "model": "Niro EV (with HDA II)",
    "year": [
      "2025"
    ],
    "package": "Highway Driving Assist II"
  },
  "Kia Niro EV (without HDA II) 2023-25": {
    "platform": "KIA_NIRO_EV_2ND_GEN",
    "make": "Kia",
    "brand": "hyundai",
    "model": "Niro EV (without HDA II)",
    "year": [
      "2023",
      "2024",
      "2025"
    ],
    "package": "All"
  },
  "Kia Niro Hybrid 2018": {
    "platform": "KIA_NIRO_PHEV",
    "make": "Kia",
    "brand": "hyundai",
    "model": "Niro Hybrid",
    "year": [
      "2018"
    ],
    "package": "Smart Cruise Control (SCC)"
  },
  "Kia Niro Hybrid 2021": {
    "platform": "KIA_NIRO_HEV_2021",
    "make": "Kia",
    "brand": "hyundai",
    "model": "Niro Hybrid",
    "year": [
      "2021"
    ],
    "package": "Smart Cruise Control (SCC)"
  },
  "Kia Niro Hybrid 2022": {
    "platform": "KIA_NIRO_HEV_2021",
    "make": "Kia",
    "brand": "hyundai",
    "model": "Niro Hybrid",
    "year": [
      "2022"
    ],
    "package": "Smart Cruise Control (SCC)"
  },
  "Kia Niro Hybrid 2023": {
    "platform": "KIA_NIRO_HEV_2ND_GEN",
    "make": "Kia",
    "brand": "hyundai",
    "model": "Niro Hybrid",
    "year": [
      "2023"
    ],
    "package": "Smart Cruise Control (SCC)"
  },
  "Kia Niro Plug-in Hybrid 2018-19": {
    "platform": "KIA_NIRO_PHEV",
    "make": "Kia",
    "brand": "hyundai",
    "model": "Niro Plug-in Hybrid",
    "year": [
      "2018",
      "2019"
    ],
    "package": "All"
  },
  "Kia Niro Plug-in Hybrid 2020": {
    "platform": "KIA_NIRO_PHEV",
    "make": "Kia",
    "brand": "hyundai",
    "model": "Niro Plug-in Hybrid",
    "year": [
      "2020"
    ],
    "package": "Smart Cruise Control (SCC)"
  },
  "Kia Niro Plug-in Hybrid 2021": {
    "platform": "KIA_NIRO_PHEV_2022",
    "make": "Kia",
    "brand": "hyundai",
    "model": "Niro Plug-in Hybrid",
    "year": [
      "2021"
    ],
    "package": "Smart Cruise Control (SCC)"
  },
  "Kia Niro Plug-in Hybrid 2022": {
    "platform": "KIA_NIRO_PHEV_2022",
    "make": "Kia",
    "brand": "hyundai",
    "model": "Niro Plug-in Hybrid",
    "year": [
      "2022"
    ],
    "package": "Smart Cruise Control (SCC)"
  },
  "Kia Optima 2017": {
    "platform": "KIA_OPTIMA_G4",
    "make": "Kia",
    "brand": "hyundai",
    "model": "Optima",
    "year": [
      "2017"
    ],
    "package": "Advanced Smart Cruise Control"
  },
  "Kia Optima 2019-20": {
    "platform": "KIA_OPTIMA_G4_FL",
    "make": "Kia",
    "brand": "hyundai",
    "model": "Optima",
    "year": [
      "2019",
      "2020"
    ],
    "package": "Smart Cruise Control (SCC)"
  },
  "Kia Optima Hybrid 2019": {
    "platform": "KIA_OPTIMA_H_G4_FL",
    "make": "Kia",
    "brand": "hyundai",
    "model": "Optima Hybrid",
    "year": [
      "2019"
    ],
    "package": "Smart Cruise Control (SCC)"
  },
  "Kia Seltos 2021": {
    "platform": "KIA_SELTOS",
    "make": "Kia",
    "brand": "hyundai",
    "model": "Seltos",
    "year": [
      "2021"
    ],
    "package": "Smart Cruise Control (SCC)"
  },
  "Kia Sorento 2018": {
    "platform": "KIA_SORENTO",
    "make": "Kia",
    "brand": "hyundai",
    "model": "Sorento",
    "year": [
      "2018"
    ],
    "package": "Advanced Smart Cruise Control & LKAS"
  },
  "Kia Sorento 2019": {
    "platform": "KIA_SORENTO",
    "make": "Kia",
    "brand": "hyundai",
    "model": "Sorento",
    "year": [
      "2019"
    ],
    "package": "Smart Cruise Control (SCC)"
  },
  "Kia Sorento 2021-23": {
    "platform": "KIA_SORENTO_4TH_GEN",
    "make": "Kia",
    "brand": "hyundai",
    "model": "Sorento",
    "year": [
      "2021",
      "2022",
      "2023"
    ],
    "package": "Smart Cruise Control (SCC)"
  },
  "Kia Sorento Hybrid 2021-23": {
    "platform": "KIA_SORENTO_HEV_4TH_GEN",
    "make": "Kia",
    "brand": "hyundai",
    "model": "Sorento Hybrid",
    "year": [
      "2021",
      "2022",
      "2023"
    ],
    "package": "All"
  },
  "Kia Sorento Plug-in Hybrid 2022-23": {
    "platform": "KIA_SORENTO_HEV_4TH_GEN",
    "make": "Kia",
    "brand": "hyundai",
    "model": "Sorento Plug-in Hybrid",
    "year": [
      "2022",
      "2023"
    ],
    "package": "All"
  },
  "Kia Sportage 2023-24": {
    "platform": "KIA_SPORTAGE_5TH_GEN",
    "make": "Kia",
    "brand": "hyundai",
    "model": "Sportage",
    "year": [
      "2023",
      "2024"
    ],
    "package": "Smart Cruise Control (SCC)"
  },
  "Kia Sportage Hybrid 2023": {
    "platform": "KIA_SPORTAGE_5TH_GEN",
    "make": "Kia",
    "brand": "hyundai",
    "model": "Sportage Hybrid",
    "year": [
      "2023"
    ],
    "package": "Smart Cruise Control (SCC)"
  },
  "Kia Stinger 2018-20": {
    "platform": "KIA_STINGER",
    "make": "Kia",
    "brand": "hyundai",
    "model": "Stinger",
    "year": [
      "2018",
      "2019",
      "2020"
    ],
    "package": "Smart Cruise Control (SCC)"
  },
  "Kia Stinger 2022-23": {
    "platform": "KIA_STINGER_2022",
    "make": "Kia",
    "brand": "hyundai",
    "model": "Stinger",
    "year": [
      "2022",
      "2023"
    ],
    "package": "All"
  },
  "Kia Telluride 2020-22": {
    "platform": "HYUNDAI_PALISADE",
    "make": "Kia",
    "brand": "hyundai",
    "model": "Telluride",
    "year": [
      "2020",
      "2021",
      "2022"
    ],
    "package": "All"
  },
  "Lexus CT Hybrid 2017-18": {
    "platform": "LEXUS_CTH",
    "make": "Lexus",
    "brand": "toyota",
    "model": "CT Hybrid",
    "year": [
      "2017",
      "2018"
    ],
    "package": "Lexus Safety System+"
  },
  "Lexus ES 2017-18": {
    "platform": "LEXUS_ES",
    "make": "Lexus",
    "brand": "toyota",
    "model": "ES",
    "year": [
      "2017",
      "2018"
    ],
    "package": "All"
  },
  "Lexus ES 2019-25": {
    "platform": "LEXUS_ES_TSS2",
    "make": "Lexus",
    "brand": "toyota",
    "model": "ES",
    "year": [
      "2019",
      "2020",
      "2021",
      "2022",
      "2023",
      "2024",
      "2025"
    ],
    "package": "All"
  },
  "Lexus ES Hybrid 2017-18": {
    "platform": "LEXUS_ES",
    "make": "Lexus",
    "brand": "toyota",
    "model": "ES Hybrid",
    "year": [
      "2017",
      "2018"
    ],
    "package": "All"
  },
  "Lexus ES Hybrid 2019-25": {
    "platform": "LEXUS_ES_TSS2",
    "make": "Lexus",
    "brand": "toyota",
    "model": "ES Hybrid",
    "year": [
      "2019",
      "2020",
      "2021",
      "2022",
      "2023",
      "2024",
      "2025"
    ],
    "package": "All"
  },
  "Lexus GS F 2016": {
    "platform": "LEXUS_GS_F",
    "make": "Lexus",
    "brand": "toyota",
    "model": "GS F",
    "year": [
      "2016"
    ],
    "package": "All"
  },
  "Lexus IS 2017-19": {
    "platform": "LEXUS_IS",
    "make": "Lexus",
    "brand": "toyota",
    "model": "IS",
    "year": [
      "2017",
      "2018",
      "2019"
    ],
    "package": "All"
  },
  "Lexus IS 2022-24": {
    "platform": "LEXUS_IS_TSS2",
    "make": "Lexus",
    "brand": "toyota",
    "model": "IS",
    "year": [
      "2022",
      "2023",
      "2024"
    ],
    "package": "All"
  },
  "Lexus LC 2024-25": {
    "platform": "LEXUS_LC_TSS2",
    "make": "Lexus",
    "brand": "toyota",
    "model": "LC",
    "year": [
      "2024",
      "2025"
    ],
    "package": "All"
  },
  "Lexus LS 2018": {
    "platform": "LEXUS_LS",
    "make": "Lexus",
    "brand": "toyota",
    "model": "LS",
    "year": [
      "2018"
    ],
    "package": "All except Lexus Safety System+ A"
  },
  "Lexus NX 2018-19": {
    "platform": "LEXUS_NX",
    "make": "Lexus",
    "brand": "toyota",
    "model": "NX",
    "year": [
      "2018",
      "2019"
    ],
    "package": "All"
  },
  "Lexus NX 2020-21": {
    "platform": "LEXUS_NX_TSS2",
    "make": "Lexus",
    "brand": "toyota",
    "model": "NX",
    "year": [
      "2020",
      "2021"
    ],
    "package": "All"
  },
  "Lexus NX Hybrid 2018-19": {
    "platform": "LEXUS_NX",
    "make": "Lexus",
    "brand": "toyota",
    "model": "NX Hybrid",
    "year": [
      "2018",
      "2019"
    ],
    "package": "All"
  },
  "Lexus NX Hybrid 2020-21": {
    "platform": "LEXUS_NX_TSS2",
    "make": "Lexus",
    "brand": "toyota",
    "model": "NX Hybrid",
    "year": [
      "2020",
      "2021"
    ],
    "package": "All"
  },
  "Lexus RC 2018-20": {
    "platform": "LEXUS_RC",
    "make": "Lexus",
    "brand": "toyota",
    "model": "RC",
    "year": [
      "2018",
      "2019",
      "2020"
    ],
    "package": "All"
  },
  "Lexus RC 2023": {
    "platform": "LEXUS_RC_TSS2",
    "make": "Lexus",
    "brand": "toyota",
    "model": "RC",
    "year": [
      "2023"
    ],
    "package": "All"
  },
  "Lexus RX 2016": {
    "platform": "LEXUS_RX",
    "make": "Lexus",
    "brand": "toyota",
    "model": "RX",
    "year": [
      "2016"
    ],
    "package": "Lexus Safety System+"
  },
  "Lexus RX 2017-19": {
    "platform": "LEXUS_RX",
    "make": "Lexus",
    "brand": "toyota",
    "model": "RX",
    "year": [
      "2017",
      "2018",
      "2019"
    ],
    "package": "All"
  },
  "Lexus RX 2020-22": {
    "platform": "LEXUS_RX_TSS2",
    "make": "Lexus",
    "brand": "toyota",
    "model": "RX",
    "year": [
      "2020",
      "2021",
      "2022"
    ],
    "package": "All"
  },
  "Lexus RX Hybrid 2016": {
    "platform": "LEXUS_RX",
    "make": "Lexus",
    "brand": "toyota",
    "model": "RX Hybrid",
    "year": [
      "2016"
    ],
    "package": "Lexus Safety System+"
  },
  "Lexus RX Hybrid 2017-19": {
    "platform": "LEXUS_RX",
    "make": "Lexus",
    "brand": "toyota",
    "model": "RX Hybrid",
    "year": [
      "2017",
      "2018",
      "2019"
    ],
    "package": "All"
  },
  "Lexus RX Hybrid 2020-22": {
    "platform": "LEXUS_RX_TSS2",
    "make": "Lexus",
    "brand": "toyota",
    "model": "RX Hybrid",
    "year": [
      "2020",
      "2021",
      "2022"
    ],
    "package": "All"
  },
  "Lexus UX Hybrid 2019-24": {
    "platform": "TOYOTA_COROLLA_TSS2",
    "make": "Lexus",
    "brand": "toyota",
    "model": "UX Hybrid",
    "year": [
      "2019",
      "2020",
      "2021",
      "2022",
      "2023",
      "2024"
    ],
    "package": "All"
  },
  "Lincoln Aviator 2020-24": {
    "platform": "FORD_EXPLORER_MK6",
    "make": "Lincoln",
    "brand": "ford",
    "model": "Aviator",
    "year": [
      "2020",
      "2021",
      "2022",
      "2023",
      "2024"
    ],
    "package": "Co-Pilot360 Plus"
  },
  "Lincoln Aviator Plug-in Hybrid 2020-24": {
    "platform": "FORD_EXPLORER_MK6",
    "make": "Lincoln",
    "brand": "ford",
    "model": "Aviator Plug-in Hybrid",
    "year": [
      "2020",
      "2021",
      "2022",
      "2023",
      "2024"
    ],
    "package": "Co-Pilot360 Plus"
  },
  "MAN eTGE 2020-24": {
    "platform": "VOLKSWAGEN_CRAFTER_MK2",
    "make": "MAN",
    "brand": "volkswagen",
    "model": "eTGE",
    "year": [
      "2020",
      "2021",
      "2022",
      "2023",
      "2024"
    ],
    "package": "Adaptive Cruise Control (ACC) & Lane Assist"
  },
  "MAN TGE 2017-24": {
    "platform": "VOLKSWAGEN_CRAFTER_MK2",
    "make": "MAN",
    "brand": "volkswagen",
    "model": "TGE",
    "year": [
      "2017",
      "2018",
      "2019",
      "2020",
      "2021",
      "2022",
      "2023",
      "2024"
    ],
    "package": "Adaptive Cruise Control (ACC) & Lane Assist"
  },
  "Mazda CX-5 2022-25": {
    "platform": "MAZDA_CX5_2022",
    "make": "Mazda",
    "brand": "mazda",
    "model": "CX-5",
    "year": [
      "2022",
      "2023",
      "2024",
      "2025"
    ],
    "package": "All"
  },
  "Mazda CX-9 2021-23": {
    "platform": "MAZDA_CX9_2021",
    "make": "Mazda",
    "brand": "mazda",
    "model": "CX-9",
    "year": [
      "2021",
      "2022",
      "2023"
    ],
    "package": "All"
  },
  "Nissan Altima 2019-20, 2024": {
    "platform": "NISSAN_ALTIMA",
    "make": "Nissan",
    "brand": "nissan",
    "model": "Altima",
    "year": [
      "2019",
      "2020",
      "2024"
    ],
    "package": "ProPILOT Assist"
  },
  "Nissan Leaf 2018-23": {
    "platform": "NISSAN_LEAF",
    "make": "Nissan",
    "brand": "nissan",
    "model": "Leaf",
    "year": [
      "2018",
      "2019",
      "2020",
      "2021",
      "2022",
      "2023"
    ],
    "package": "ProPILOT Assist"
  },
  "Nissan Rogue 2018-20": {
    "platform": "NISSAN_ROGUE",
    "make": "Nissan",
    "brand": "nissan",
    "model": "Rogue",
    "year": [
      "2018",
      "2019",
      "2020"
    ],
    "package": "ProPILOT Assist"
  },
  "Nissan X-Trail 2017": {
    "platform": "NISSAN_XTRAIL",
    "make": "Nissan",
    "brand": "nissan",
    "model": "X-Trail",
    "year": [
      "2017"
    ],
    "package": "ProPILOT Assist"
  },
  "Ram 1500 2019-24": {
    "platform": "RAM_1500_5TH_GEN",
    "make": "Ram",
    "brand": "chrysler",
    "model": "1500",
    "year": [
      "2019",
      "2020",
      "2021",
      "2022",
      "2023",
      "2024"
    ],
    "package": "Adaptive Cruise Control (ACC)"
  },
  "Ram 2500 2020-24": {
    "platform": "RAM_HD_5TH_GEN",
    "make": "Ram",
    "brand": "chrysler",
    "model": "2500",
    "year": [
      "2020",
      "2021",
      "2022",
      "2023",
      "2024"
    ],
    "package": "Adaptive Cruise Control (ACC)"
  },
  "Ram 3500 2019-22": {
    "platform": "RAM_HD_5TH_GEN",
    "make": "Ram",
    "brand": "chrysler",
    "model": "3500",
    "year": [
      "2019",
      "2020",
      "2021",
      "2022"
    ],
    "package": "Adaptive Cruise Control (ACC)"
  },
  "Rivian R1S 2022-24": {
    "platform": "RIVIAN_R1_GEN1",
    "make": "Rivian",
    "brand": "rivian",
    "model": "R1S",
    "year": [
      "2022",
      "2023",
      "2024"
    ],
    "package": "All"
  },
  "Rivian R1T 2022-24": {
    "platform": "RIVIAN_R1_GEN1",
    "make": "Rivian",
    "brand": "rivian",
    "model": "R1T",
    "year": [
      "2022",
      "2023",
      "2024"
    ],
    "package": "All"
  },
  "SEAT Ateca 2016-23": {
    "platform": "SEAT_ATECA_MK1",
    "make": "SEAT",
    "brand": "volkswagen",
    "model": "Ateca",
    "year": [
      "2016",
      "2017",
      "2018",
      "2019",
      "2020",
      "2021",
      "2022",
      "2023"
    ],
    "package": "Adaptive Cruise Control (ACC) & Lane Assist"
  },
  "SEAT Leon 2014-20": {
    "platform": "SEAT_ATECA_MK1",
    "make": "SEAT",
    "brand": "volkswagen",
    "model": "Leon",
    "year": [
      "2014",
      "2015",
      "2016",
      "2017",
      "2018",
      "2019",
      "2020"
    ],
    "package": "Adaptive Cruise Control (ACC) & Lane Assist"
  },
  "Subaru Ascent 2019-21": {
    "platform": "SUBARU_ASCENT",
    "make": "Subaru",
    "brand": "subaru",
    "model": "Ascent",
    "year": [
      "2019",
      "2020",
      "2021"
    ],
    "package": "All"
  },
  "Subaru Crosstrek 2018-19": {
    "platform": "SUBARU_IMPREZA",
    "make": "Subaru",
    "brand": "subaru",
    "model": "Crosstrek",
    "year": [
      "2018",
      "2019"
    ],
    "package": "EyeSight Driver Assistance"
  },
  "Subaru Crosstrek 2020-23": {
    "platform": "SUBARU_IMPREZA_2020",
    "make": "Subaru",
    "brand": "subaru",
    "model": "Crosstrek",
    "year": [
      "2020",
      "2021",
      "2022",
      "2023"
    ],
    "package": "EyeSight Driver Assistance"
  },
  "Subaru Forester 2017-18": {
    "platform": "SUBARU_FORESTER_PREGLOBAL",
    "make": "Subaru",
    "brand": "subaru",
    "model": "Forester",
    "year": [
      "2017",
      "2018"
    ],
    "package": "EyeSight Driver Assistance"
  },
  "Subaru Forester 2019-21": {
    "platform": "SUBARU_FORESTER",
    "make": "Subaru",
    "brand": "subaru",
    "model": "Forester",
    "year": [
      "2019",
      "2020",
      "2021"
    ],
    "package": "All"
  },
  "Subaru Impreza 2017-19": {
    "platform": "SUBARU_IMPREZA",
    "make": "Subaru",
    "brand": "subaru",
    "model": "Impreza",
    "year": [
      "2017",
      "2018",
      "2019"
    ],
    "package": "EyeSight Driver Assistance"
  },
  "Subaru Impreza 2020-22": {
    "platform": "SUBARU_IMPREZA_2020",
    "make": "Subaru",
    "brand": "subaru",
    "model": "Impreza",
    "year": [
      "2020",
      "2021",
      "2022"
    ],
    "package": "EyeSight Driver Assistance"
  },
  "Subaru Legacy 2015-18": {
    "platform": "SUBARU_LEGACY_PREGLOBAL",
    "make": "Subaru",
    "brand": "subaru",
    "model": "Legacy",
    "year": [
      "2015",
      "2016",
      "2017",
      "2018"
    ],
    "package": "EyeSight Driver Assistance"
  },
  "Subaru Legacy 2020-22": {
    "platform": "SUBARU_LEGACY",
    "make": "Subaru",
    "brand": "subaru",
    "model": "Legacy",
    "year": [
      "2020",
      "2021",
      "2022"
    ],
    "package": "All"
  },
  "Subaru Outback 2015-17": {
    "platform": "SUBARU_OUTBACK_PREGLOBAL",
    "make": "Subaru",
    "brand": "subaru",
    "model": "Outback",
    "year": [
      "2015",
      "2016",
      "2017"
    ],
    "package": "EyeSight Driver Assistance"
  },
  "Subaru Outback 2018-19": {
    "platform": "SUBARU_OUTBACK_PREGLOBAL_2018",
    "make": "Subaru",
    "brand": "subaru",
    "model": "Outback",
    "year": [
      "2018",
      "2019"
    ],
    "package": "EyeSight Driver Assistance"
  },
  "Subaru Outback 2020-22": {
    "platform": "SUBARU_OUTBACK",
    "make": "Subaru",
    "brand": "subaru",
    "model": "Outback",
    "year": [
      "2020",
      "2021",
      "2022"
    ],
    "package": "All"
  },
  "Subaru XV 2018-19": {
    "platform": "SUBARU_IMPREZA",
    "make": "Subaru",
    "brand": "subaru",
    "model": "XV",
    "year": [
      "2018",
      "2019"
    ],
    "package": "EyeSight Driver Assistance"
  },
  "Subaru XV 2020-21": {
    "platform": "SUBARU_IMPREZA_2020",
    "make": "Subaru",
    "brand": "subaru",
    "model": "XV",
    "year": [
      "2020",
      "2021"
    ],
    "package": "EyeSight Driver Assistance"
  },
  "Škoda Fabia 2022-23": {
    "platform": "SKODA_FABIA_MK4",
    "make": "Škoda",
    "brand": "volkswagen",
    "model": "Fabia",
    "year": [
      "2022",
      "2023"
    ],
    "package": "Adaptive Cruise Control (ACC) & Lane Assist"
  },
  "Škoda Kamiq 2021-23": {
    "platform": "SKODA_KAMIQ_MK1",
    "make": "Škoda",
    "brand": "volkswagen",
    "model": "Kamiq",
    "year": [
      "2021",
      "2022",
      "2023"
    ],
    "package": "Adaptive Cruise Control (ACC) & Lane Assist"
  },
  "Škoda Karoq 2019-23": {
    "platform": "SKODA_KAROQ_MK1",
    "make": "Škoda",
    "brand": "volkswagen",
    "model": "Karoq",
    "year": [
      "2019",
      "2020",
      "2021",
      "2022",
      "2023"
    ],
    "package": "Adaptive Cruise Control (ACC) & Lane Assist"
  },
  "Škoda Kodiaq 2017-23": {
    "platform": "SKODA_KODIAQ_MK1",
    "make": "Škoda",
    "brand": "volkswagen",
    "model": "Kodiaq",
    "year": [
      "2017",
      "2018",
      "2019",
      "2020",
      "2021",
      "2022",
      "2023"
    ],
    "package": "Adaptive Cruise Control (ACC) & Lane Assist"
  },
  "Škoda Octavia 2015-19": {
    "platform": "SKODA_OCTAVIA_MK3",
    "make": "Škoda",
    "brand": "volkswagen",
    "model": "Octavia",
    "year": [
      "2015",
      "2016",
      "2017",
      "2018",
      "2019"
    ],
    "package": "Adaptive Cruise Control (ACC) & Lane Assist"
  },
  "Škoda Octavia RS 2016": {
    "platform": "SKODA_OCTAVIA_MK3",
    "make": "Škoda",
    "brand": "volkswagen",
    "model": "Octavia RS",
    "year": [
      "2016"
    ],
    "package": "Adaptive Cruise Control (ACC) & Lane Assist"
  },
  "Škoda Octavia Scout 2017-19": {
    "platform": "SKODA_OCTAVIA_MK3",
    "make": "Škoda",
    "brand": "volkswagen",
    "model": "Octavia Scout",
    "year": [
      "2017",
      "2018",
      "2019"
    ],
    "package": "Adaptive Cruise Control (ACC) & Lane Assist"
  },
  "Škoda Scala 2020-23": {
    "platform": "SKODA_KAMIQ_MK1",
    "make": "Škoda",
    "brand": "volkswagen",
    "model": "Scala",
    "year": [
      "2020",
      "2021",
      "2022",
      "2023"
    ],
    "package": "Adaptive Cruise Control (ACC) & Lane Assist"
  },
  "Škoda Superb 2015-22": {
    "platform": "SKODA_SUPERB_MK3",
    "make": "Škoda",
    "brand": "volkswagen",
    "model": "Superb",
    "year": [
      "2015",
      "2016",
      "2017",
      "2018",
      "2019",
      "2020",
      "2021",
      "2022"
    ],
    "package": "Adaptive Cruise Control (ACC) & Lane Assist"
  },
  "Tesla Model 3 (with HW3) 2019-23": {
    "platform": "TESLA_MODEL_3",
    "make": "Tesla",
    "brand": "tesla",
    "model": "Model 3 (with HW3)",
    "year": [
      "2019",
      "2020",
      "2021",
      "2022",
      "2023"
    ],
    "package": "All"
  },
  "Tesla Model 3 (with HW4) 2024-25": {
    "platform": "TESLA_MODEL_3",
    "make": "Tesla",
    "brand": "tesla",
    "model": "Model 3 (with HW4)",
    "year": [
      "2024",
      "2025"
    ],
    "package": "All"
  },
  "Tesla Model X (with HW4) 2024": {
    "platform": "TESLA_MODEL_X",
    "make": "Tesla",
    "brand": "tesla",
    "model": "Model X (with HW4)",
    "year": [
      "2024"
    ],
    "package": "All"
  },
  "Tesla Model Y (with HW3) 2020-23": {
    "platform": "TESLA_MODEL_Y",
    "make": "Tesla",
    "brand": "tesla",
    "model": "Model Y (with HW3)",
    "year": [
      "2020",
      "2021",
      "2022",
      "2023"
    ],
    "package": "All"
  },
  "Tesla Model Y (with HW4) 2024-25": {
    "platform": "TESLA_MODEL_Y",
    "make": "Tesla",
    "brand": "tesla",
    "model": "Model Y (with HW4)",
    "year": [
      "2024",
      "2025"
    ],
    "package": "All"
  },
  "Toyota Alphard 2019-20": {
    "platform": "TOYOTA_ALPHARD_TSS2",
    "make": "Toyota",
    "brand": "toyota",
    "model": "Alphard",
    "year": [
      "2019",
      "2020"
    ],
    "package": "All"
  },
  "Toyota Alphard Hybrid 2021": {
    "platform": "TOYOTA_ALPHARD_TSS2",
    "make": "Toyota",
    "brand": "toyota",
    "model": "Alphard Hybrid",
    "year": [
      "2021"
    ],
    "package": "All"
  },
  "Toyota Avalon 2016": {
    "platform": "TOYOTA_AVALON",
    "make": "Toyota",
    "brand": "toyota",
    "model": "Avalon",
    "year": [
      "2016"
    ],
    "package": "Toyota Safety Sense P"
  },
  "Toyota Avalon 2017-18": {
    "platform": "TOYOTA_AVALON",
    "make": "Toyota",
    "brand": "toyota",
    "model": "Avalon",
    "year": [
      "2017",
      "2018"
    ],
    "package": "All"
  },
  "Toyota Avalon 2019-21": {
    "platform": "TOYOTA_AVALON_2019",
    "make": "Toyota",
    "brand": "toyota",
    "model": "Avalon",
    "year": [
      "2019",
      "2020",
      "2021"
    ],
    "package": "All"
  },
  "Toyota Avalon 2022": {
    "platform": "TOYOTA_AVALON_TSS2",
    "make": "Toyota",
    "brand": "toyota",
    "model": "Avalon",
    "year": [
      "2022"
    ],
    "package": "All"
  },
  "Toyota Avalon Hybrid 2019-21": {
    "platform": "TOYOTA_AVALON_2019",
    "make": "Toyota",
    "brand": "toyota",
    "model": "Avalon Hybrid",
    "year": [
      "2019",
      "2020",
      "2021"
    ],
    "package": "All"
  },
  "Toyota Avalon Hybrid 2022": {
    "platform": "TOYOTA_AVALON_TSS2",
    "make": "Toyota",
    "brand": "toyota",
    "model": "Avalon Hybrid",
    "year": [
      "2022"
    ],
    "package": "All"
  },
  "Toyota C-HR 2017-20": {
    "platform": "TOYOTA_CHR",
    "make": "Toyota",
    "brand": "toyota",
    "model": "C-HR",
    "year": [
      "2017",
      "2018",
      "2019",
      "2020"
    ],
    "package": "All"
  },
  "Toyota C-HR 2021": {
    "platform": "TOYOTA_CHR_TSS2",
    "make": "Toyota",
    "brand": "toyota",
    "model": "C-HR",
    "year": [
      "2021"
    ],
    "package": "All"
  },
  "Toyota C-HR Hybrid 2017-20": {
    "platform": "TOYOTA_CHR",
    "make": "Toyota",
    "brand": "toyota",
    "model": "C-HR Hybrid",
    "year": [
      "2017",
      "2018",
      "2019",
      "2020"
    ],
    "package": "All"
  },
  "Toyota C-HR Hybrid 2021-22": {
    "platform": "TOYOTA_CHR_TSS2",
    "make": "Toyota",
    "brand": "toyota",
    "model": "C-HR Hybrid",
    "year": [
      "2021",
      "2022"
    ],
    "package": "All"
  },
  "Toyota Camry 2018-20": {
    "platform": "TOYOTA_CAMRY",
    "make": "Toyota",
    "brand": "toyota",
    "model": "Camry",
    "year": [
      "2018",
      "2019",
      "2020"
    ],
    "package": "All"
  },
  "Toyota Camry 2021-24": {
    "platform": "TOYOTA_CAMRY_TSS2",
    "make": "Toyota",
    "brand": "toyota",
    "model": "Camry",
    "year": [
      "2021",
      "2022",
      "2023",
      "2024"
    ],
    "package": "All"
  },
  "Toyota Camry Hybrid 2018-20": {
    "platform": "TOYOTA_CAMRY",
    "make": "Toyota",
    "brand": "toyota",
    "model": "Camry Hybrid",
    "year": [
      "2018",
      "2019",
      "2020"
    ],
    "package": "All"
  },
  "Toyota Camry Hybrid 2021-24": {
    "platform": "TOYOTA_CAMRY_TSS2",
    "make": "Toyota",
    "brand": "toyota",
    "model": "Camry Hybrid",
    "year": [
      "2021",
      "2022",
      "2023",
      "2024"
    ],
    "package": "All"
  },
  "Toyota Corolla 2017-19": {
    "platform": "TOYOTA_COROLLA",
    "make": "Toyota",
    "brand": "toyota",
    "model": "Corolla",
    "year": [
      "2017",
      "2018",
      "2019"
    ],
    "package": "All"
  },
  "Toyota Corolla 2020-22": {
    "platform": "TOYOTA_COROLLA_TSS2",
    "make": "Toyota",
    "brand": "toyota",
    "model": "Corolla",
    "year": [
      "2020",
      "2021",
      "2022"
    ],
    "package": "All"
  },
  "Toyota Corolla Cross (Non-US only) 2020-23": {
    "platform": "TOYOTA_COROLLA_TSS2",
    "make": "Toyota",
    "brand": "toyota",
    "model": "Corolla Cross (Non-US only)",
    "year": [
      "2020",
      "2021",
      "2022",
      "2023"
    ],
    "package": "All"
  },
  "Toyota Corolla Cross Hybrid (Non-US only) 2020-22": {
    "platform": "TOYOTA_COROLLA_TSS2",
    "make": "Toyota",
    "brand": "toyota",
    "model": "Corolla Cross Hybrid (Non-US only)",
    "year": [
      "2020",
      "2021",
      "2022"
    ],
    "package": "All"
  },
  "Toyota Corolla Hatchback 2019-22": {
    "platform": "TOYOTA_COROLLA_TSS2",
    "make": "Toyota",
    "brand": "toyota",
    "model": "Corolla Hatchback",
    "year": [
      "2019",
      "2020",
      "2021",
      "2022"
    ],
    "package": "All"
  },
  "Toyota Corolla Hybrid 2020-22": {
    "platform": "TOYOTA_COROLLA_TSS2",
    "make": "Toyota",
    "brand": "toyota",
    "model": "Corolla Hybrid",
    "year": [
      "2020",
      "2021",
      "2022"
    ],
    "package": "All"
  },
  "Toyota Corolla Hybrid (South America only) 2020-23": {
    "platform": "TOYOTA_COROLLA_TSS2",
    "make": "Toyota",
    "brand": "toyota",
    "model": "Corolla Hybrid (South America only)",
    "year": [
      "2020",
      "2021",
      "2022",
      "2023"
    ],
    "package": "All"
  },
  "Toyota Highlander 2017-19": {
    "platform": "TOYOTA_HIGHLANDER",
    "make": "Toyota",
    "brand": "toyota",
    "model": "Highlander",
    "year": [
      "2017",
      "2018",
      "2019"
    ],
    "package": "All"
  },
  "Toyota Highlander 2020-23": {
    "platform": "TOYOTA_HIGHLANDER_TSS2",
    "make": "Toyota",
    "brand": "toyota",
    "model": "Highlander",
    "year": [
      "2020",
      "2021",
      "2022",
      "2023"
    ],
    "package": "All"
  },
  "Toyota Highlander Hybrid 2017-19": {
    "platform": "TOYOTA_HIGHLANDER",
    "make": "Toyota",
    "brand": "toyota",
    "model": "Highlander Hybrid",
    "year": [
      "2017",
      "2018",
      "2019"
    ],
    "package": "All"
  },
  "Toyota Highlander Hybrid 2020-23": {
    "platform": "TOYOTA_HIGHLANDER_TSS2",
    "make": "Toyota",
    "brand": "toyota",
    "model": "Highlander Hybrid",
    "year": [
      "2020",
      "2021",
      "2022",
      "2023"
    ],
    "package": "All"
  },
  "Toyota Mirai 2021": {
    "platform": "TOYOTA_MIRAI",
    "make": "Toyota",
    "brand": "toyota",
    "model": "Mirai",
    "year": [
      "2021"
    ],
    "package": "All"
  },
  "Toyota Prius 2016": {
    "platform": "TOYOTA_PRIUS",
    "make": "Toyota",
    "brand": "toyota",
    "model": "Prius",
    "year": [
      "2016"
    ],
    "package": "Toyota Safety Sense P"
  },
  "Toyota Prius 2017-20": {
    "platform": "TOYOTA_PRIUS",
    "make": "Toyota",
    "brand": "toyota",
    "model": "Prius",
    "year": [
      "2017",
      "2018",
      "2019",
      "2020"
    ],
    "package": "All"
  },
  "Toyota Prius 2021-22": {
    "platform": "TOYOTA_PRIUS_TSS2",
    "make": "Toyota",
    "brand": "toyota",
    "model": "Prius",
    "year": [
      "2021",
      "2022"
    ],
    "package": "All"
  },
  "Toyota Prius Prime 2017-20": {
    "platform": "TOYOTA_PRIUS",
    "make": "Toyota",
    "brand": "toyota",
    "model": "Prius Prime",
    "year": [
      "2017",
      "2018",
      "2019",
      "2020"
    ],
    "package": "All"
  },
  "Toyota Prius Prime 2021-22": {
    "platform": "TOYOTA_PRIUS_TSS2",
    "make": "Toyota",
    "brand": "toyota",
    "model": "Prius Prime",
    "year": [
      "2021",
      "2022"
    ],
    "package": "All"
  },
  "Toyota Prius v 2017": {
    "platform": "TOYOTA_PRIUS_V",
    "make": "Toyota",
    "brand": "toyota",
    "model": "Prius v",
    "year": [
      "2017"
    ],
    "package": "Toyota Safety Sense P"
  },
  "Toyota RAV4 2016": {
    "platform": "TOYOTA_RAV4",
    "make": "Toyota",
    "brand": "toyota",
    "model": "RAV4",
    "year": [
      "2016"
    ],
    "package": "Toyota Safety Sense P"
  },
  "Toyota RAV4 2017-18": {
    "platform": "TOYOTA_RAV4",
    "make": "Toyota",
    "brand": "toyota",
    "model": "RAV4",
    "year": [
      "2017",
      "2018"
    ],
    "package": "All"
  },
  "Toyota RAV4 2019-21": {
    "platform": "TOYOTA_RAV4_TSS2",
    "make": "Toyota",
    "brand": "toyota",
    "model": "RAV4",
    "year": [
      "2019",
      "2020",
      "2021"
    ],
    "package": "All"
  },
  "Toyota RAV4 2022": {
    "platform": "TOYOTA_RAV4_TSS2_2022",
    "make": "Toyota",
    "brand": "toyota",
    "model": "RAV4",
    "year": [
      "2022"
    ],
    "package": "All"
  },
  "Toyota RAV4 2023-25": {
    "platform": "TOYOTA_RAV4_TSS2_2023",
    "make": "Toyota",
    "brand": "toyota",
    "model": "RAV4",
    "year": [
      "2023",
      "2024",
      "2025"
    ],
    "package": "All"
  },
  "Toyota RAV4 Hybrid 2016": {
    "platform": "TOYOTA_RAV4H",
    "make": "Toyota",
    "brand": "toyota",
    "model": "RAV4 Hybrid",
    "year": [
      "2016"
    ],
    "package": "Toyota Safety Sense P"
  },
  "Toyota RAV4 Hybrid 2017-18": {
    "platform": "TOYOTA_RAV4H",
    "make": "Toyota",
    "brand": "toyota",
    "model": "RAV4 Hybrid",
    "year": [
      "2017",
      "2018"
    ],
    "package": "All"
  },
  "Toyota RAV4 Hybrid 2019-21": {
    "platform": "TOYOTA_RAV4_TSS2",
    "make": "Toyota",
    "brand": "toyota",
    "model": "RAV4 Hybrid",
    "year": [
      "2019",
      "2020",
      "2021"
    ],
    "package": "All"
  },
  "Toyota RAV4 Hybrid 2022": {
    "platform": "TOYOTA_RAV4_TSS2_2022",
    "make": "Toyota",
    "brand": "toyota",
    "model": "RAV4 Hybrid",
    "year": [
      "2022"
    ],
    "package": "All"
  },
  "Toyota RAV4 Hybrid 2023-25": {
    "platform": "TOYOTA_RAV4_TSS2_2023",
    "make": "Toyota",
    "brand": "toyota",
    "model": "RAV4 Hybrid",
    "year": [
      "2023",
      "2024",
      "2025"
    ],
    "package": "All"
  },
  "Toyota Sienna 2018-20": {
    "platform": "TOYOTA_SIENNA",
    "make": "Toyota",
    "brand": "toyota",
    "model": "Sienna",
    "year": [
      "2018",
      "2019",
      "2020"
    ],
    "package": "All"
  },
  "Volkswagen Arteon 2018-23": {
    "platform": "VOLKSWAGEN_ARTEON_MK1",
    "make": "Volkswagen",
    "brand": "volkswagen",
    "model": "Arteon",
    "year": [
      "2018",
      "2019",
      "2020",
      "2021",
      "2022",
      "2023"
    ],
    "package": "Adaptive Cruise Control (ACC) & Lane Assist"
  },
  "Volkswagen Arteon eHybrid 2020-23": {
    "platform": "VOLKSWAGEN_ARTEON_MK1",
    "make": "Volkswagen",
    "brand": "volkswagen",
    "model": "Arteon eHybrid",
    "year": [
      "2020",
      "2021",
      "2022",
      "2023"
    ],
    "package": "Adaptive Cruise Control (ACC) & Lane Assist"
  },
  "Volkswagen Arteon R 2020-23": {
    "platform": "VOLKSWAGEN_ARTEON_MK1",
    "make": "Volkswagen",
    "brand": "volkswagen",
    "model": "Arteon R",
    "year": [
      "2020",
      "2021",
      "2022",
      "2023"
    ],
    "package": "Adaptive Cruise Control (ACC) & Lane Assist"
  },
  "Volkswagen Arteon Shooting Brake 2020-23": {
    "platform": "VOLKSWAGEN_ARTEON_MK1",
    "make": "Volkswagen",
    "brand": "volkswagen",
    "model": "Arteon Shooting Brake",
    "year": [
      "2020",
      "2021",
      "2022",
      "2023"
    ],
    "package": "Adaptive Cruise Control (ACC) & Lane Assist"
  },
  "Volkswagen Atlas 2018-23": {
    "platform": "VOLKSWAGEN_ATLAS_MK1",
    "make": "Volkswagen",
    "brand": "volkswagen",
    "model": "Atlas",
    "year": [
      "2018",
      "2019",
      "2020",
      "2021",
      "2022",
      "2023"
    ],
    "package": "Adaptive Cruise Control (ACC) & Lane Assist"
  },
  "Volkswagen Atlas Cross Sport 2020-22": {
    "platform": "VOLKSWAGEN_ATLAS_MK1",
    "make": "Volkswagen",
    "brand": "volkswagen",
    "model": "Atlas Cross Sport",
    "year": [
      "2020",
      "2021",
      "2022"
    ],
    "package": "Adaptive Cruise Control (ACC) & Lane Assist"
  },
  "Volkswagen California 2021-23": {
    "platform": "VOLKSWAGEN_TRANSPORTER_T61",
    "make": "Volkswagen",
    "brand": "volkswagen",
    "model": "California",
    "year": [
      "2021",
      "2022",
      "2023"
    ],
    "package": "Adaptive Cruise Control (ACC) & Lane Assist"
  },
  "Volkswagen Caravelle 2020": {
    "platform": "VOLKSWAGEN_TRANSPORTER_T61",
    "make": "Volkswagen",
    "brand": "volkswagen",
    "model": "Caravelle",
    "year": [
      "2020"
    ],
    "package": "Adaptive Cruise Control (ACC) & Lane Assist"
  },
  "Volkswagen CC 2018-22": {
    "platform": "VOLKSWAGEN_ARTEON_MK1",
    "make": "Volkswagen",
    "brand": "volkswagen",
    "model": "CC",
    "year": [
      "2018",
      "2019",
      "2020",
      "2021",
      "2022"
    ],
    "package": "Adaptive Cruise Control (ACC) & Lane Assist"
  },
  "Volkswagen Crafter 2017-24": {
    "platform": "VOLKSWAGEN_CRAFTER_MK2",
    "make": "Volkswagen",
    "brand": "volkswagen",
    "model": "Crafter",
    "year": [
      "2017",
      "2018",
      "2019",
      "2020",
      "2021",
      "2022",
      "2023",
      "2024"
    ],
    "package": "Adaptive Cruise Control (ACC) & Lane Assist"
  },
  "Volkswagen e-Crafter 2018-24": {
    "platform": "VOLKSWAGEN_CRAFTER_MK2",
    "make": "Volkswagen",
    "brand": "volkswagen",
    "model": "e-Crafter",
    "year": [
      "2018",
      "2019",
      "2020",
      "2021",
      "2022",
      "2023",
      "2024"
    ],
    "package": "Adaptive Cruise Control (ACC) & Lane Assist"
  },
  "Volkswagen e-Golf 2014-20": {
    "platform": "VOLKSWAGEN_GOLF_MK7",
    "make": "Volkswagen",
    "brand": "volkswagen",
    "model": "e-Golf",
    "year": [
      "2014",
      "2015",
      "2016",
      "2017",
      "2018",
      "2019",
      "2020"
    ],
    "package": "Adaptive Cruise Control (ACC) & Lane Assist"
  },
  "Volkswagen Golf 2015-20": {
    "platform": "VOLKSWAGEN_GOLF_MK7",
    "make": "Volkswagen",
    "brand": "volkswagen",
    "model": "Golf",
    "year": [
      "2015",
      "2016",
      "2017",
      "2018",
      "2019",
      "2020"
    ],
    "package": "Adaptive Cruise Control (ACC) & Lane Assist"
  },
  "Volkswagen Golf Alltrack 2015-19": {
    "platform": "VOLKSWAGEN_GOLF_MK7",
    "make": "Volkswagen",
    "brand": "volkswagen",
    "model": "Golf Alltrack",
    "year": [
      "2015",
      "2016",
      "2017",
      "2018",
      "2019"
    ],
    "package": "Adaptive Cruise Control (ACC) & Lane Assist"
  },
  "Volkswagen Golf GTD 2015-20": {
    "platform": "VOLKSWAGEN_GOLF_MK7",
    "make": "Volkswagen",
    "brand": "volkswagen",
    "model": "Golf GTD",
    "year": [
      "2015",
      "2016",
      "2017",
      "2018",
      "2019",
      "2020"
    ],
    "package": "Adaptive Cruise Control (ACC) & Lane Assist"
  },
  "Volkswagen Golf GTE 2015-20": {
    "platform": "VOLKSWAGEN_GOLF_MK7",
    "make": "Volkswagen",
    "brand": "volkswagen",
    "model": "Golf GTE",
    "year": [
      "2015",
      "2016",
      "2017",
      "2018",
      "2019",
      "2020"
    ],
    "package": "Adaptive Cruise Control (ACC) & Lane Assist"
  },
  "Volkswagen Golf GTI 2015-21": {
    "platform": "VOLKSWAGEN_GOLF_MK7",
    "make": "Volkswagen",
    "brand": "volkswagen",
    "model": "Golf GTI",
    "year": [
      "2015",
      "2016",
      "2017",
      "2018",
      "2019",
      "2020",
      "2021"
    ],
    "package": "Adaptive Cruise Control (ACC) & Lane Assist"
  },
  "Volkswagen Golf R 2015-19": {
    "platform": "VOLKSWAGEN_GOLF_MK7",
    "make": "Volkswagen",
    "brand": "volkswagen",
    "model": "Golf R",
    "year": [
      "2015",
      "2016",
      "2017",
      "2018",
      "2019"
    ],
    "package": "Adaptive Cruise Control (ACC) & Lane Assist"
  },
  "Volkswagen Golf SportsVan 2015-20": {
    "platform": "VOLKSWAGEN_GOLF_MK7",
    "make": "Volkswagen",
    "brand": "volkswagen",
    "model": "Golf SportsVan",
    "year": [
      "2015",
      "2016",
      "2017",
      "2018",
      "2019",
      "2020"
    ],
    "package": "Adaptive Cruise Control (ACC) & Lane Assist"
  },
  "Volkswagen Grand California 2019-24": {
    "platform": "VOLKSWAGEN_CRAFTER_MK2",
    "make": "Volkswagen",
    "brand": "volkswagen",
    "model": "Grand California",
    "year": [
      "2019",
      "2020",
      "2021",
      "2022",
      "2023",
      "2024"
    ],
    "package": "Adaptive Cruise Control (ACC) & Lane Assist"
  },
  "Volkswagen Jetta 2019-23": {
    "platform": "VOLKSWAGEN_JETTA_MK7",
    "make": "Volkswagen",
    "brand": "volkswagen",
    "model": "Jetta",
    "year": [
      "2019",
      "2020",
      "2021",
      "2022",
      "2023"
    ],
    "package": "Adaptive Cruise Control (ACC) & Lane Assist"
  },
  "Volkswagen Jetta GLI 2021-23": {
    "platform": "VOLKSWAGEN_JETTA_MK7",
    "make": "Volkswagen",
    "brand": "volkswagen",
    "model": "Jetta GLI",
    "year": [
      "2021",
      "2022",
      "2023"
    ],
    "package": "Adaptive Cruise Control (ACC) & Lane Assist"
  },
  "Volkswagen Passat 2015-22": {
    "platform": "VOLKSWAGEN_PASSAT_MK8",
    "make": "Volkswagen",
    "brand": "volkswagen",
    "model": "Passat",
    "year": [
      "2015",
      "2016",
      "2017",
      "2018",
      "2019",
      "2020",
      "2021",
      "2022"
    ],
    "package": "Adaptive Cruise Control (ACC) & Lane Assist"
  },
  "Volkswagen Passat Alltrack 2015-22": {
    "platform": "VOLKSWAGEN_PASSAT_MK8",
    "make": "Volkswagen",
    "brand": "volkswagen",
    "model": "Passat Alltrack",
    "year": [
      "2015",
      "2016",
      "2017",
      "2018",
      "2019",
      "2020",
      "2021",
      "2022"
    ],
    "package": "Adaptive Cruise Control (ACC) & Lane Assist"
  },
  "Volkswagen Passat GTE 2015-22": {
    "platform": "VOLKSWAGEN_PASSAT_MK8",
    "make": "Volkswagen",
    "brand": "volkswagen",
    "model": "Passat GTE",
    "year": [
      "2015",
      "2016",
      "2017",
      "2018",
      "2019",
      "2020",
      "2021",
      "2022"
    ],
    "package": "Adaptive Cruise Control (ACC) & Lane Assist"
  },
  "Volkswagen Polo 2018-23": {
    "platform": "VOLKSWAGEN_POLO_MK6",
    "make": "Volkswagen",
    "brand": "volkswagen",
    "model": "Polo",
    "year": [
      "2018",
      "2019",
      "2020",
      "2021",
      "2022",
      "2023"
    ],
    "package": "Adaptive Cruise Control (ACC) & Lane Assist"
  },
  "Volkswagen Polo GTI 2018-23": {
    "platform": "VOLKSWAGEN_POLO_MK6",
    "make": "Volkswagen",
    "brand": "volkswagen",
    "model": "Polo GTI",
    "year": [
      "2018",
      "2019",
      "2020",
      "2021",
      "2022",
      "2023"
    ],
    "package": "Adaptive Cruise Control (ACC) & Lane Assist"
  },
  "Volkswagen T-Cross 2021": {
    "platform": "VOLKSWAGEN_TCROSS_MK1",
    "make": "Volkswagen",
    "brand": "volkswagen",
    "model": "T-Cross",
    "year": [
      "2021"
    ],
    "package": "Adaptive Cruise Control (ACC) & Lane Assist"
  },
  "Volkswagen T-Roc 2018-23": {
    "platform": "VOLKSWAGEN_TROC_MK1",
    "make": "Volkswagen",
    "brand": "volkswagen",
    "model": "T-Roc",
    "year": [
      "2018",
      "2019",
      "2020",
      "2021",
      "2022",
      "2023"
    ],
    "package": "Adaptive Cruise Control (ACC) & Lane Assist"
  },
  "Volkswagen Taos 2022-24": {
    "platform": "VOLKSWAGEN_TAOS_MK1",
    "make": "Volkswagen",
    "brand": "volkswagen",
    "model": "Taos",
    "year": [
      "2022",
      "2023",
      "2024"
    ],
    "package": "Adaptive Cruise Control (ACC) & Lane Assist"
  },
  "Volkswagen Teramont 2018-22": {
    "platform": "VOLKSWAGEN_ATLAS_MK1",
    "make": "Volkswagen",
    "brand": "volkswagen",
    "model": "Teramont",
    "year": [
      "2018",
      "2019",
      "2020",
      "2021",
      "2022"
    ],
    "package": "Adaptive Cruise Control (ACC) & Lane Assist"
  },
  "Volkswagen Teramont Cross Sport 2021-22": {
    "platform": "VOLKSWAGEN_ATLAS_MK1",
    "make": "Volkswagen",
    "brand": "volkswagen",
    "model": "Teramont Cross Sport",
    "year": [
      "2021",
      "2022"
    ],
    "package": "Adaptive Cruise Control (ACC) & Lane Assist"
  },
  "Volkswagen Teramont X 2021-22": {
    "platform": "VOLKSWAGEN_ATLAS_MK1",
    "make": "Volkswagen",
    "brand": "volkswagen",
    "model": "Teramont X",
    "year": [
      "2021",
      "2022"
    ],
    "package": "Adaptive Cruise Control (ACC) & Lane Assist"
  },
  "Volkswagen Tiguan 2018-24": {
    "platform": "VOLKSWAGEN_TIGUAN_MK2",
    "make": "Volkswagen",
    "brand": "volkswagen",
    "model": "Tiguan",
    "year": [
      "2018",
      "2019",
      "2020",
      "2021",
      "2022",
      "2023",
      "2024"
    ],
    "package": "Adaptive Cruise Control (ACC) & Lane Assist"
  },
  "Volkswagen Tiguan eHybrid 2021-23": {
    "platform": "VOLKSWAGEN_TIGUAN_MK2",
    "make": "Volkswagen",
    "brand": "volkswagen",
    "model": "Tiguan eHybrid",
    "year": [
      "2021",
      "2022",
      "2023"
    ],
    "package": "Adaptive Cruise Control (ACC) & Lane Assist"
  },
  "Volkswagen Touran 2016-23": {
    "platform": "VOLKSWAGEN_TOURAN_MK2",
    "make": "Volkswagen",
    "brand": "volkswagen",
    "model": "Touran",
    "year": [
      "2016",
      "2017",
      "2018",
      "2019",
      "2020",
      "2021",
      "2022",
      "2023"
    ],
    "package": "Adaptive Cruise Control (ACC) & Lane Assist"
  }
}